Date,Time,Obs,Qflag,Tree,Age Class,SLA,Na,Pa,Press,PARi,Cond,Ci,Photo,Trmmol,VpdL,StmRat,BLCond,Tair,TBlk,Tleaf,CO2R,CO2S,H2OR,H2OS,RH_R,RH_S,Flow
14/11/2001,8:02,3.5,1,4,0,4.58,2.776,0.226,87.42,149,0.228,277.1666667,9.166666667,0.961166667,0.391833333,1,2.84,13.905,14.10833333,13.58666667,359.6333333,348.2166667,12.24166667,13.381,67.12166667,73.36833333,499.4166667
14/11/2001,8:17,15.5,1,4,1,4.457,3.025,0.34,87.43666667,149,0.1945,278.1666667,7.963333333,0.845166667,0.399666667,1,2.84,14.43333333,14.61,14.15833333,360.0666667,350.1166667,12.9635,13.963,68.69833333,73.99666667,500.35
14/11/2001,8:35,33.5,1,3,1,4.731,3.273,0.446,87.45166667,150,0.3125,304.8333333,7.688333333,1.271666667,0.388333333,1,2.84,15.33833333,15.53,14.97166667,359.7833333,350.0833333,13.58883333,15.094,67.95166667,75.48,499.6333333
14/11/2001,9:35,ac1,1,3,0,5.169,2.429,0.194,87.485,1499.5,0.410166667,257.5,17.63333333,2.3,0.550666667,1,2.84,16.64666667,16.69333333,17.505,360.1333333,338.0333333,13.94216667,16.6565,64.15333333,76.64333333,500.2833333
14/11/2001,10:36,9.5,1,3,1,4.731,3.273,0.446,87.53,1501,0.325833333,218,20.25,4.413333333,1.28,1,2.84,24.68,24.91166667,24.59666667,359.5833333,333.55,15.61266667,20.79383333,43.805,58.34166667,500.2833333
14/11/2001,10:52,15.5,1,4,0,4.58,2.776,0.226,87.54166667,201,0.08805,263.3333333,4.546666667,0.917166667,0.918833333,1,2.84,21.43666667,21.83666667,20.67166667,359.2333333,353.3666667,16.37083333,17.4535,55.89833333,59.595,499.4833333
14/11/2001,11:05,27.5,1,4,1,4.457,3.025,0.34,87.55,199.6666667,0.189666667,300.5,5.416666667,1.543333333,0.744833333,1,2.84,18.89666667,19.19666667,18.365,360.5,353.3333333,13.87316667,15.69783333,55.43833333,62.72833333,499.4833333
14/11/2001,14:46,3.5,1,4,0,4.58,2.776,0.226,87.44333333,1500,0.061816667,128.5,8.141666667,0.905,1.28,1,2.84,20.65666667,20.73333333,21.935,359,348.8333333,14.54383333,15.6125,52.04833333,55.875,500.3333333
14/11/2001,14:52,9.5,1,4,1,4.457,3.025,0.34,87.445,1500.5,0.1325,199.6666667,11.21666667,1.691666667,1.14,1,2.84,20.73333333,20.895,21.34333333,360.4333333,346.3,14.10116667,16.09716667,50.22,57.32666667,500.35
14/11/2001,15:03,15.5,1,3,0,5.169,2.429,0.194,87.43,1500.666667,0.134666667,149.5,15.03333333,1.928333333,1.28,1,2.84,21.14333333,21.185,22.04833333,359.9,341.1333333,13.51233333,15.78683333,46.915,54.81333333,500.2166667
14/11/2001,15:16,33.5,1,3,1,4.731,3.273,0.446,87.4,149.6666667,0.129,247.8333333,7.393333333,1.891666667,1.31,1,2.84,22.42166667,22.64,21.76333333,360.25,350.6166667,12.67566667,14.91083333,40.69,47.86333333,500.4166667
14/11/2001,16:18,3.5,1,3,0,5.169,2.429,0.194,87.34166667,200,0.097066667,252.6666667,5.643333333,1.138333333,1.03,1,2.84,22.9,23.24833333,22.10166667,361.6166667,354.4,17.40066667,18.74316667,54.22666667,58.40833333,499.3333333
14/11/2001,16:33,15.5,1,4,1,4.457,3.025,0.34,87.34,201,0.036883333,275,1.793666667,0.415833333,0.974166667,1,2.84,21.41666667,21.68833333,21.03833333,361.9166667,359.5166667,17.00766667,17.497,58.01333333,59.68,500.6333333
14/11/2001,16:46,27.5,0,4,0,4.58,2.776,0.226,87.35,698.8333333,0.009886667,628.3333333,-1.715333333,0.136833333,1.19,1,2.84,21.55333333,21.71333333,21.97666667,359.1333333,361.1166667,16.586,16.74766667,56.10833333,56.655,500.4166667
15/11/2001,8:14,3.5,1,5,0,5.794,2.086,0.211,88.14,200,0.160666667,253.3333333,8.701666667,1.641666667,0.936333333,1,2.84,16.26833333,16.435,15.77666667,360.05,349.0833333,7.83,9.781166667,37.17833333,46.44666667,499.9833333
15/11/2001,8:25,15.5,1,5,1,4.578,2.673,0.365,88.14833333,199,0.158,259,8.155,1.64,0.951666667,1,2.84,16.52333333,16.695,16.045,361.3333333,351.0333333,8.006666667,9.9565,37.40666667,46.515,499.65
15/11/2001,8:36,27.5,1,5,0,4.466,2.83,0.244,88.16,200,0.179666667,278.8333333,7.171666667,1.786666667,0.918666667,1,2.84,16.54,16.73,16.005,360.8,351.55,8.16,10.284,38.09166667,48.00166667,500.3
15/11/2001,8:46,39.5,1,5,1,4.393,2.576,0.348,88.16,199,0.2025,299.5,5.658333333,2.013333333,0.926166667,1,2.84,16.89833333,17.08,16.34833333,360,352.25,8.263833333,10.65533333,37.71166667,48.62,500.3833333
15/11/2001,9:54,3.5,1,6,1,4.288,2.881,0.22,88.20833333,249,0.236666667,293.5,7.498333333,1.15,0.455166667,1,2.84,16.96833333,17.18166667,16.53166667,360.05,350.45,14.88216667,16.24066667,67.64166667,73.81,500.4
15/11/2001,10:13,15.5,1,6,0,4.762,2.964,0.255,88.20333333,1501,0.334666667,248.1666667,16.9,2.121666667,0.611833333,1,2.84,17.74333333,17.825,18.715,361.15,340.3666667,15.119,17.61883333,65.435,76.255,500.2333333
15/11/2001,10:16,ac2,1,6,0,4.762,2.964,0.255,88.205,1500,0.339,247.3333333,16.91666667,2.21,0.629166667,1,2.84,17.96833333,18.04,18.94,360.2166667,339,15.17133333,17.772,64.73666667,75.835,500.15
15/11/2001,14:20,3.5,1,6,0,4.762,2.964,0.255,88.01833333,599,0.018816667,159.2833333,2.243333333,0.2555,1.178333333,1,2.84,20.96833333,21.095,21.27333333,359.3,356.5333333,15.163,15.4655,53.575,54.63833333,500.2833333
15/11/2001,14:27,15.5,1,6,0,5.642,2.625,0.226,88.01,601,0.248833333,259.1666667,11.53333333,2.583333333,0.97,1,2.84,21.57666667,21.675,21.385,359.5833333,344.45,14.96916667,18.01566667,50.95333333,61.325,499.5833333
15/11/2001,14:31,21.5,1,6,0,4.573,2.863,0.267,88.00666667,600,0.185833333,252.1666667,9.8,1.995,0.984166667,1,2.84,21.26666667,21.42,21.06833333,359.45,346.8,14.94066667,17.2975,51.82,59.995,499.2833333
15/11/2001,14:40,33.5,1,6,1,4.288,2.881,0.22,88.00666667,600,0.204166667,266.6666667,9.021666667,2.13,0.960166667,1,2.84,20.845,20.93166667,20.86,359.2666667,347.4666667,14.69083333,17.20233333,52.29833333,61.24,499.1833333
15/11/2001,14:53,45.5,1,5,0,5.794,2.086,0.211,87.95,600,0.0938,217,7.278333333,1.026666667,0.972166667,1,2.84,19.775,19.90666667,20.00333333,359.05,349.8666667,14.41916667,15.632,54.80833333,59.415,499.4666667
15/11/2001,15:03,57.5,1,5,1,4.393,2.576,0.348,87.92833333,1499,0.175666667,222,12.23333333,1.896666667,0.986666667,1,2.84,19.70666667,19.69833333,20.57166667,359.55,344.2333333,14.16766667,16.40633333,54.06166667,62.605,500.0333333
15/11/2001,15:08,63.5,1,5,0,4.466,2.83,0.244,87.925,599,0.128666667,214,9.99,1.358333333,0.951833333,1,2.84,19.73666667,19.84,19.84833333,360.9,348.3166667,14.00966667,15.61433333,53.36,59.47,500.5666667
15/11/2001,15:16,ac3,1,5,0,4.466,2.83,0.244,87.91833333,1499,0.121166667,190.6666667,11.06666667,1.61,1.19,1,2.84,20.26166667,20.27666667,21.55166667,361.6,347.6833333,13.9285,15.82833333,51.34666667,58.35166667,500.3666667
15/11/2001,16:18,ac4,1,6,1,4.288,2.881,0.22,87.92,850,0.120333333,213.6666667,9.416666667,1.515,1.128333333,1,2.84,20.41333333,20.47333333,20.85833333,361.2,349.3,13.51216667,15.3015,49.35166667,55.89,500.4333333
15/11/2001,17:05,3.5,1,6,0,4.762,2.964,0.255,87.895,399,0.079033333,216,6.228333333,0.939,1.05,1,2.84,19.62,19.75666667,19.555,358.5666667,350.6833333,12.88383333,13.99583333,49.41333333,53.67833333,499.5
16/11/2001,7:28,3.5,1,7,1,4.182,2.487,0.381,87.68166667,150,0.231833333,301.1666667,6.418333333,1.918333333,0.774666667,1,2.84,13.46666667,13.52,13.11666667,361.6166667,353.45,6.155333333,8.441,34.82833333,47.76,499.6833333
16/11/2001,7:44,15.5,1,7,0,4.507,2.667,0.323,87.70666667,251,0.2455,284.6666667,8.686666667,1.676666667,0.641,1,2.84,14.38666667,14.41666667,14.11166667,360.7166667,349.3166667,9.134,11.12166667,48.70166667,59.295,500.25
16/11/2001,8:36,27.5,1,7,0,4.507,2.667,0.323,87.74333333,249,0.293,290.6666667,9.028333333,2.036666667,0.661833333,1,2.84,15.35833333,15.415,14.84833333,360.4833333,347.95,9.360833333,11.77366667,46.89833333,58.98833333,500.0333333
16/11/2001,8:48,33.5,1,8,1,4.225,2.334,0.265,87.76166667,249,0.310333333,286.8333333,9.716666667,2.138333333,0.6595,1,2.84,15.50333333,15.585,15.03166667,358.45,345.4,9.495,12.02566667,47.14666667,59.71,500.15
16/11/2001,9:09,45.5,1,8,0,3.995,3.193,0.255,87.77333333,150,0.162666667,265,7.836666667,1.396666667,0.783666667,1,2.84,16.14333333,16.23166667,15.80833333,360.2833333,350.4166667,9.952833333,11.6075,47.435,55.32,500.2833333
16/11/2001,10:41,5.5,1,8,1,4.225,2.334,0.265,87.788,1500,0.4662,256.7,19.05,3.95,0.8468,1,2.84,19.013,18.669,19.932,360.11,335.78,12.3161,16.973,48.99,67.511,500.3
16/11/2001,10:52,13.5,1,7,0,4.507,2.667,0.323,87.77166667,1501,0.362833333,246.5,17.6,3.603333333,0.961666667,1,2.84,19.20666667,18.66833333,20.415,360.5333333,337.8666667,12.21316667,16.472,47.98833333,64.725,499.2666667
16/11/2001,11:12,ac2,1,7,1,4.182,2.487,0.381,87.77904762,1502,0.426333333,249.3333333,19.72857143,4.738095238,1.094761905,1,2.84,21.90428571,21.97904762,22.25,364.7666667,338.9666667,12.63442857,18.22495238,42.03714286,60.63857143,499.2333333
16/11/2001,12:21,6.5,1,7,0,4.507,2.667,0.323,87.77916667,1500,0.269083333,256.75,12.52916667,4.136666667,1.4425,1,2.84,23.1225,23.2625,23.34166667,362.1833333,345.325,11.491,16.37233333,35.51333333,50.595,500.2666667
16/11/2001,12:29,18.5,0,8,0,3.995,3.193,0.255,87.78,1500,0.047358333,286.2649167,1.595833333,1.075833333,1.98,1,2.84,23.3275,23.49666667,24.38833333,353.7333333,351.05,11.08525,12.3615,33.83916667,37.73,500.3583333
16/11/2001,12:34,30.5,1,8,0,4.457,3.23,0.244,87.77333333,1501,0.47825,262.5,17.725,5.9325,1.24,1,2.84,23.2575,23.4975,23.01,361.025,337.425,11.03391667,18.01933333,33.81666667,55.22916667,500.3333333
16/11/2001,12:39,42.5,0,8,1,4.225,2.334,0.265,87.77,1500,0.219416667,226.75,14.38333333,3.764166667,1.58,1,2.84,23.23333333,23.38583333,23.72666667,366.275,347.1666667,11.08958333,15.53616667,34.03083333,47.68166667,500.2166667
16/11/2001,14:40,51.5,1,7,0,4.507,2.667,0.323,87.68,1499,0.180833333,215,12.71666667,3.401666667,1.713333333,1,2.84,22.85,22.88833333,23.44333333,359.3,342.6,9.481333333,13.50416667,29.75166667,42.37333333,500.2166667
16/11/2001,14:44,57.5,1,7,1,4.182,2.487,0.381,87.67833333,1499,0.060483333,164.5,6.585,1.396666667,2.02,1,2.84,22.78166667,22.81833333,23.89333333,360.0166667,351.4833333,9.2275,10.88383333,29.07333333,34.29833333,500.4666667
16/11/2001,14:48,63.5,1,7,1,5.268,1.756,0.291,87.68,1500,0.245833333,243.5,12.86666667,4.326666667,1.638333333,1,2.84,22.885,22.98833333,23.325,359.9833333,342.6166667,9.0125,14.12666667,28.22166667,44.22833333,500.4
16/11/2001,14:56,69.5,1,8,0,3.995,3.193,0.255,87.68166667,1500,0.021416667,95.11666667,3.341666667,0.5225,2.11,1,2.84,22.42833333,22.52666667,23.58333333,359.1666667,355.0333333,8.614666667,9.2355,27.72833333,29.72666667,500.2166667
16/11/2001,15:01,75.5,1,8,0,4.457,3.23,0.244,87.68,1500,0.162666667,195,13.56666667,3.051666667,1.7,1,2.84,22.37166667,22.485,22.91666667,361.1,343.7,9.007833333,12.62433333,29.09833333,40.77333333,500.3166667
16/11/2001,15:06,ac3,1,8,1,4.225,2.334,0.265,87.67285714,1501,0.151714286,214.2857143,11.1,2.965714286,1.764285714,1,2.84,22.46428571,22.57571429,23.12142857,360.0714286,345.5571429,8.774714286,12.28642857,28.18428571,39.46428571,500.3285714
16/11/2001,15:48,3.5,1,8,0,4.457,3.23,0.244,87.62833333,1499,0.06015,162.5,6.628333333,1.415,2.06,1,2.84,22.32333333,22.42666667,23.50666667,360.4666667,351.8666667,7.988,9.669333333,25.86333333,31.30666667,500.2166667
16/11/2001,15:50,9.5,1,8,0,3.995,3.193,0.255,87.62,1500,0.013216667,156.3333333,1.566666667,0.349333333,2.273333333,1,2.84,22.65666667,22.74,24.08,359.4666667,357.25,7.976833333,8.3935,25.31333333,26.63333333,500.2166667
16/11/2001,15:58,15.5,1,7,1,4.182,2.487,0.381,87.61833333,1501,0.247833333,218.1666667,16.31666667,4.208333333,1.581666667,1,2.84,22.72,22.82,23.13666667,360.9333333,339.5833333,9.4245,14.41133333,29.785,45.545,499.2333333
16/11/2001,16:01,21.5,1,7,1,5.268,1.756,0.291,87.62,1499,0.247,238.3333333,13.53333333,3.993333333,1.506666667,1,2.84,22.49166667,22.60666667,22.90333333,358.8833333,340.7666667,10.09583333,14.8245,32.35333333,47.50333333,499.4666667
16/11/2001,16:06,ac4,1,7,0,4.507,2.667,0.323,87.61571429,1501,0.076228571,213.2857143,5.735714286,1.717142857,1.98,1,2.84,23.23428571,23.32571429,24.28857143,354.1571429,346.5428571,10.15457143,12.19057143,31.10714286,37.34714286,499.8428571
16/11/2001,16:54,3.5,1,7,1,5.268,1.756,0.291,87.60833333,1501,0.080566667,182.6666667,7.745,1.916666667,2.091666667,1,2.84,24.04333333,24.15166667,25.05,360.5,350.55,10.2645,12.5355,29.95,36.57333333,500.2166667
16/11/2001,16:56,9.5,1,7,1,4.182,2.487,0.381,87.60333333,1500,0.035916667,148,4.373333333,0.908166667,2.19,1,2.84,23.90333333,24.00666667,25.05333333,360.9833333,355.35,10.32616667,11.40316667,30.38166667,33.55,500.3333333
16/11/2001,16:59,15.5,1,7,1,4.993,2.648,0.328,87.605,1500,0.195166667,221.6666667,13.03333333,3.575,1.675,1,2.84,23.31,23.41666667,23.78166667,360.85,343.6333333,10.41066667,14.63733333,31.73833333,44.62666667,500.25
16/11/2001,17:12,21.5,1,8,0,3.995,3.193,0.255,87.59833333,1500,0.01895,165.1666667,2.138333333,0.441833333,2.008333333,1,2.84,22.59,22.625,23.975,359.0833333,356.4,10.69433333,11.21816667,34.05166667,35.72166667,500.2
16/11/2001,17:14,27.5,1,8,0,4.457,3.23,0.244,87.59666667,1499,0.044316667,152.5,5.238333333,0.950833333,1.863333333,1,2.84,22.45,22.47333333,23.50333333,359.5833333,352.9166667,10.75533333,11.88233333,34.54666667,38.16666667,500.25
16/11/2001,17:16,33.5,1,8,1,4.225,2.334,0.265,87.59666667,1500,0.044566667,179,4.56,0.959333333,1.87,1,2.84,22.065,22.07,23.56833333,360.0166667,354.0666667,10.81983333,11.95633333,35.57166667,39.31,500.4166667
11/02/2002,11:01,15.5,1,7,1,4.143,2.995,0.511,87.065,700,0.2985,267.1666667,12.58333333,1.445,0.457333333,1,2.84,16.14,16.24,16.22833333,359.05,343.1333333,14.30433333,16.01466667,67.63333333,75.71833333,499.5333333
11/02/2002,17:04,6.5,1,7,1,4.143,2.995,0.511,87.15,1499,0.373,243.5,18.15,4.425,1.1325,1,2.84,25.6025,25.9125,25.385,359.825,336.25,19.132,24.32075,50.5875,64.31,499.275
11/02/2002,17:27,ac4,1,7,1,4.143,2.995,0.511,87.1575,1500,0.32025,247.75,16.05,2.655,0.78175,1,2.84,21.7075,21.79,22.4575,359.775,339.475,19.22475,22.3355,64.2775,74.68,500.35
11/02/2002,11:19,45.5,1,7,1,3.505,3.574,0.559,87.085,700,0.331333333,267.3333333,13.73333333,1.761666667,0.506833333,1,2.84,17.09166667,17.07,17.32833333,360.2166667,343.0666667,14.90333333,16.98016667,66.34,75.585,500.45
11/02/2002,16:11,ac3,1,7,1,3.505,3.574,0.559,87.15,1500,0.2825,243.75,14.9,2.77,0.9165,1,2.84,21.495,21.6725,22.1125,359.275,340.25,16.885,20.141,57.1975,68.225,500.325
11/02/2002,17:22,26.5,1,7,1,3.876,3.39,0.437,87.16,1501,0.4225,260,17.125,3.145,0.7245,1,2.84,21.9725,22.0925,22.4575,358.95,337.125,19.30225,22.9875,63.5025,75.6275,500.35
12/02/2002,8:21,2.5,1,4,1,4.389,2.5,0.248,86.9925,50,0.1895,339,2.5975,1.1625,0.56,1,2.84,15.1925,15.325,14.925,369.3,365.675,11.7635,13.143,59.055,65.9825,499.375
12/02/2002,9:16,26.5,1,3,1,5.048,3.022,0.278,87.035,50,0.40825,352.5,2.32,2.0525,0.49225,1,2.84,16.0275,16.16,15.4175,369.65,365.95,12.10925,14.54175,57.665,69.2475,499.475
12/02/2002,9:36,ac1,1,3,1,5.048,3.022,0.278,87.04714286,1500,0.408714286,247.1428571,19.58571429,1.484285714,0.353428571,1,2.84,17.08,17.09428571,18.06,359.5714286,335.4571429,18.07757143,19.82242857,80.51714286,88.29,500.0857143
12/02/2002,10:19,2.5,1,3,1,4.971,2.823,0.228,87.09,500,0.50425,283.25,16.425,3.3125,0.66025,1,2.84,18.6025,18.795,18.095,368.275,347.15,12.432,16.34575,50.3375,66.185,499.4
12/02/2002,11:22,46.5,1,4,1,4.286,3.106,0.274,87.07,500,0.32875,275.75,13.8,2.5975,0.7515,1,2.84,18.97,19.1225,18.5125,371.325,353.875,12.873,15.93675,50.9125,63.03,500.575
12/02/2002,15:05,18.5,1,4,1,4.374,2.57,0.247,86.92,300,0.1725,268.5,7.7325,1.745,0.91225,1,2.84,20.9025,21.1025,20.545,359.5,349.475,15.367,17.428,53.835,61.055,499.625
12/02/2002,17:01,2.5,1,3,1,4.895,2.35,0.346,86.86,300,0.33475,290.5,9.65,3.295,0.93325,1,2.84,22.0725,22.215,21.3575,359.775,346.775,14.72775,18.61125,48.0125,60.67,499.725
12/02/2002,17:07,14.5,1,3,1,4.616,2.981,0.393,86.8575,300,0.4205,301.75,9.41,4.045,0.93625,1,2.84,22.42,22.5625,21.755,360.6,347.575,14.55175,19.319,46.425,61.635,499.425
12/02/2002,17:53,62.5,1,4,1,4.838,2.969,0.315,86.845,300,0.37025,287.5,10.775,3.8825,1.005,1,2.84,22.4275,22.6075,21.45,359.95,345.4,13.40325,17.9745,42.7325,57.305,500.45
13/02/2002,9:41,14.5,1,6,1,4.343,3.055,0.354,87.8575,50,0.275,344.75,1.1775,1.99,0.68375,1,2.84,18.09,18.205,17.3725,358.95,356.625,12.52975,14.87925,52.8525,62.7625,500.225
13/02/2002,9:51,22.5,1,6,1,4.782,3.154,0.33,87.86,300,0.31725,290.25,9.545,2.3,0.69375,1,2.84,18.405,18.485,17.92,359.6,347.175,12.83975,15.555,53.0975,64.325,500.4
13/02/2002,10:00,30.5,1,6,1,4.117,3.138,0.266,87.8675,300,0.358,309.25,7.4725,2.52,0.68225,1,2.84,18.57,18.6,18.165,360.675,350.3,13.07725,16.05375,53.5125,65.7,499.525
13/02/2002,10:08,38.5,1,6,1,4.591,2.845,0.298,87.86,300,0.32075,299,8.505,2.3675,0.70725,1,2.84,18.73,18.75,18.3275,360.75,349.575,13.2235,16.01625,53.5775,64.8925,500.475
13/02/2002,11:20,10.5,1,5,1,4.542,2.832,0.278,87.84,1500,0.39675,245,19.05,3.155,0.77675,1,2.84,20.2575,20.3125,20.8025,359.275,335.125,15.5225,19.23225,57.1825,70.8475,500.3
13/02/2002,11:23,14.5,1,5,1,4.959,2.978,0.368,87.84,100,0.31575,326.25,4.095,2.2425,0.6785,1,2.84,20.2475,20.3525,19.53,358.875,353,15.573,18.21625,57.4175,67.1625,500.475
13/02/2002,14:43,26.5,1,5,1,4.769,2.709,0.399,87.7125,1500,0.451,258.25,18.1,4.37,0.9535,1,2.84,25.145,25.2225,25.3325,359.875,336.45,20.9995,26.10325,57.4425,71.3975,500.3
13/02/2002,14:31,10.5,1,5,1,4.536,2.871,0.331,87.72,250,0.311,300.25,8.0625,2.55,0.77625,1,2.84,24.77,25.0725,23.66,360.975,350.25,21.624,24.61125,60.485,68.8475,499.525
13/02/2002,15:03,ac3,1,6,1,4.315,3.182,0.317,87.73,1500,0.410714286,261.5714286,16.08571429,5.187142857,1.222857143,1,2.84,27.49714286,27.65285714,27.3,360.3714286,338.9571429,21.52071429,27.57028571,51.23571429,65.63571429,500.0428571
13/02/2002,15:55,18.5,0,6,1,4.176,3.089,0.373,87.7,200,0.386,313,7.003333333,3.72,0.933,1,2.84,25.06,25.26,23.795,360.8,350.75,18.715,23.0915,51.49,63.515,500.5666667
13/02/2002,16:14,38.5,1,5,1,4.031,3.159,0.331,87.665,200,0.24075,292.5,7.3875,2.1125,0.81325,1,2.84,23.2625,23.445,21.9225,359.825,350.05,18.36775,20.852,56.205,63.8075,499.95
13/02/2002,16:20,46.5,1,5,1,4.755,3.059,0.376,87.66,200,0.2715,302,6.83,2.415,0.8315,1,2.84,23.16,23.355,22.135,360.175,350.925,18.20625,21.041,56.085,64.81,499.55
13/02/2002,17:20,18.5,1,6,1,4.661,2.597,0.251,87.6725,1500,0.26325,244.25,13.325,5.495,1.925,1,2.84,30.505,30.845,30,360.35,342.15,20.22825,26.64275,40.44,53.265,500.375
13/02/2002,17:26,26.5,1,6,1,3.869,2.554,0.258,87.6725,1500,0.209,226,12.975,4.93,2.1375,1,2.84,31.155,31.5325,30.6275,360.475,342.85,20.26325,26.02225,39.0325,50.1275,500.425
13/02/2002,17:35,34.5,1,6,1,4.228,1.633,0.189,87.67,1500,0.35025,249.25,15.925,6.3625,1.7225,1,2.84,30.49,31.0025,29.6125,360.65,338.95,20.45575,27.8775,40.9325,55.7825,500.2
13/02/2002,17:45,42.5,1,6,1,3.919,2.247,0.225,87.665,1500,0.298,247,14.35,5.9825,1.8725,1,2.84,31.025,31.495,30.1075,360.525,341,20.5675,27.5465,39.9125,53.455,500.2
13/02/2002,18:15,54.5,1,6,1,4.833,1.678,0.257,87.66,250,0.22025,293.25,6.54,2.595,1.08,1,2.84,26.005,26.1625,24.4875,359.4,350.45,19.8045,22.8505,51.435,59.345,499.975
13/02/2002,18:24,66.5,1,6,1,4.843,1.715,0.168,87.65,250,0.2395,294.5,6.93,2.9625,1.14,1,2.84,25.9075,26.1975,24.7725,360.3,350.925,19.30975,22.78475,50.4275,59.4975,499.725
13/02/2002,18:32,74.5,1,6,1,4.64,2.857,0.336,87.6575,250,0.0429,224.25,3.31,0.635,1.28,1,2.84,24.7475,24.955,24.025,360.325,356.1,18.85975,19.6075,52.7775,54.8725,499.6
13/02/2002,18:35,78.5,1,6,1,4.696,2.506,0.188,87.66,250,0.026825,237.5,1.8625,0.40375,1.2975,1,2.84,24.595,24.6875,23.9275,359.2,356.825,18.74975,19.225,52.9525,54.295,500.025
14/02/2002,8:17,26.5,1,2,1,4.068,3.289,0.399,86.8775,400,0.45425,288.75,11.825,5.505,1.18,1,2.84,27.31,27.79,25.295,359.7,343.25,17.18975,23.631,40.9725,56.33,500.45
14/02/2002,9:23,2.5,1,2,1,4.068,3.289,0.399,86.89,1500,0.4045,258,16.25,5.6075,1.33,1,2.84,28.595,29.085,27.65,359.2,337.45,20.96325,27.5045,46.3525,60.82,500.15
14/02/2002,8:23,34.5,1,2,1,4.306,2.731,0.319,86.8775,400,0.419,281.75,12.6,5.33,1.23,1,2.84,27.7275,28.3,25.6825,360.7,343.375,17.732,23.96925,41.245,55.7525,500.375
14/02/2002,8:30,42.5,1,2,1,4.315,3.281,0.373,86.8775,400,0.464,283.25,13.15,5.8375,1.23,1,2.84,28.18,28.685,26.205,360.35,342.15,18.33975,25.15925,41.5525,56.9975,500.475
14/02/2002,9:27,6.5,1,2,1,4.315,3.281,0.373,86.8925,1499,0.45775,257.25,18.375,5.8375,1.24,1,2.84,28.48,28.98,27.405,361.675,337.05,21.09425,27.90225,46.9675,62.1225,500.175
14/02/2002,8:40,50.5,1,2,1,4.185,3.353,0.438,86.8725,399,0.43975,275.5,13.925,5.7275,1.26,1,2.84,28.68,29.22,26.5925,359.325,340.275,18.98625,25.68475,41.7825,56.5275,499.25
14/02/2002,9:54,18.5,1,1,1,4.71,3.922,0.327,86.89,1501,0.45525,275.75,14.4,6.09,1.3,1,2.84,28.0975,28.45,27.3425,360.475,340.825,19.8935,27.02175,45.2975,61.5225,499.225
14/02/2002,9:56,22.5,1,1,1,5.34,3.089,0.333,86.885,1500,0.452,279.25,13.775,6.12,1.3175,1,2.84,28.0525,28.4075,27.28,360.975,341.975,19.59825,26.75425,44.73,61.06,499.375
14/02/2002,10:54,6.5,1,1,1,4.56,3.2,0.265,86.9125,1500,0.53825,263.25,18.35,8.3025,1.5375,1,2.84,30.3125,30.5425,28.7275,360.65,335.325,18.191,27.8675,36.45,55.8425,500.4
14/02/2002,11:01,14.5,1,1,1,4.992,3.135,0.267,86.915,1500,0.435,278.5,12.625,8.205,1.8175,1,2.84,31.1625,31.43,29.925,360.25,341.8,18.3145,27.8745,34.9575,53.2075,500.7
14/02/2002,11:25,ac3,1,2,1,4.036,3.475,0.453,86.91857143,1501,0.209,243.1428571,11.24285714,4.267142857,1.838571429,1,2.84,29.20142857,29.52,29.02,359.9,344.6285714,20.18342857,25.18471429,43.11,53.79428571,499.3428571
14/02/2002,12:18,18.5,1,1,1,3.948,3.634,0.521,86.91,199,0.22525,303,5.625,2.9075,1.175,1,2.84,25.615,25.87,24.475,360.725,352.725,18.49825,21.91625,48.7375,57.735,499.625
14/02/2002,12:37,42.5,1,2,1,4.234,3.331,0.231,86.89,200,0.23975,307.25,5.3775,3.1175,1.19,1,2.84,25.4075,25.675,24.13,361.125,353.325,17.3535,21.02375,46.285,56.0625,499.525
14/02/2002,14:12,10.5,1,1,1,4.185,2.943,0.215,86.8325,301,0.376,290.5,9.91,5.1875,1.3175,1,2.84,26.93,27.27,25.255,359.225,344.975,15.943,22.02475,38.835,53.645,500.7
14/02/2002,14:24,26.5,1,1,1,4.657,2.867,0.248,86.83,300,0.3315,289,9.545,4.6025,1.3075,1,2.84,26.1125,26.4125,24.655,360.65,347.4,15.42775,20.8365,39.435,53.265,499.5
14/02/2002,14:43,50.5,1,2,1,3.78,2.809,0.432,86.7725,299,0.14,278.75,5.3725,2.4225,1.5325,1,2.84,24.7575,24.9075,24.2,358.925,351.725,14.379,17.241,39.815,47.74,499.55
14/02/2002,16:10,29.5,1,2,1,4.311,2.173,0.322,86.74,201,0.102166667,258.3333333,5.428333333,1.371666667,1.17,1,2.84,24.41,24.505,24.10166667,359.2666667,352.2166667,19.6365,21.2485,55.495,60.04833333,500.4166667
14/02/2002,16:29,53.5,1,1,1,4.896,3.36,0.382,86.73,200,0.059116667,210.5,4.916666667,0.849666667,1.24,1,2.84,24.05,24.125,23.88166667,358.9833333,352.6666667,19.03266667,20.03116667,54.95666667,57.83833333,500.6833333
14/02/2002,16:49,77.5,1,1,1,4.966,2.401,0.267,86.735,200,0.06105,205,5.398333333,0.992166667,1.398333333,1,2.84,24.85333333,24.89833333,24.73,363.4,356.75,18.76166667,19.93066667,51.635,54.85,499.3666667
15/02/2002,8:12,27.5,1,10,1,4.804,3.455,0.362,87.67,101,0.174166667,298,5.481666667,0.855666667,0.446666667,1,2.84,19.365,19.43,19.09833333,360.6,353.8,19.2105,20.2175,74.66,78.57333333,499.5166667
15/02/2002,8:37,51.5,1,10,1,5.15,3.126,0.263,87.665,101,0.222333333,317.5,5.495,2.66,1.108333333,1,2.84,20.33,20.47666667,19.60333333,374.6666667,366.8666667,10.31933333,13.47166667,37.76833333,49.29333333,500.4666667
15/02/2002,8:44,63.5,1,10,1,4.68,3.606,0.245,87.67333333,101,0.243666667,316.8333333,6.861666667,2.745,1.051666667,1,2.84,20.63,20.74666667,19.80666667,382,372.05,11.249,14.47516667,40.29333333,51.95333333,500.3833333
15/02/2002,8:56,75.5,1,10,1,4.618,3.152,0.252,87.66,101,0.334166667,330,5.013333333,3.546666667,1.02,1,2.84,20.69833333,20.84666667,19.62,370.15,362.5666667,10.30383333,14.52883333,36.99333333,51.99,500.3833333
15/02/2002,9:12,99.5,1,10,1,5.224,3.195,0.257,87.65,100,0.250333333,319.1666667,5.188333333,3.088333333,1.15,1,2.84,20.935,21.03333333,20.09833333,369.5,361.95,10.14733333,13.7965,35.77833333,48.64333333,500.4
15/02/2002,10:32,39.5,1,10,1,4.963,3.14,0.178,87.63166667,200,0.2585,272.5,9.711666667,4.426666667,1.595,1,2.84,25.875,26.07833333,24.64166667,360,346.5166667,12.1095,17.32716667,31.68166667,45.33333333,500.4666667
15/02/2002,10:48,63.5,1,9,1,4.613,3.527,0.201,87.63166667,201,0.296166667,293.6666667,8.125,4.188333333,1.335,1,2.84,24.415,24.63,23.08666667,360.8,349.3,12.17933333,17.11433333,34.755,48.84166667,500.5166667
15/02/2002,11:57,15.5,1,9,1,4.249,3.677,0.206,87.58166667,200,0.265666667,297.6666667,8.03,3.87,1.361666667,1,2.84,24.4,24.52166667,23.40333333,369.3,357.9333333,12.93583333,17.48033333,36.85666667,49.86666667,500.4666667
15/02/2002,12:04,27.5,1,9,1,6.708,2.932,0.246,87.57666667,200,0.092616667,316,2.225,1.828333333,1.743333333,1,2.84,24.97333333,25.095,24.51333333,369.6,366.1833333,13.20333333,15.3545,36.42,42.37833333,500.45
15/02/2002,12:19,51.5,1,10,1,5.698,2.291,0.196,87.55666667,200,0.259166667,294.1666667,8.351666667,3.985,1.43,1,2.84,25.33333333,25.46,24.28333333,369.8833333,358.1333333,13.774,18.46866667,37.18333333,49.85333333,499.5166667
15/02/2002,14:19,ac3,1,10,1,5.259,3.095,0.223,87.41285714,1501,0.277285714,233.2857143,14.54285714,8.37,2.78,1,2.84,33.34285714,33.62285714,32.46142857,360.0428571,339.1714286,14.46628571,24.26371429,24.55428571,41.18428571,500.2571429
15/02/2002,15:14,39.5,1,10,1,4.876,3.043,0.268,87.30833333,201,0.251666667,300.6666667,5.368333333,5.783333333,2.105,1,2.84,31.86833333,32.265,29.92666667,359.25,350.3666667,17.71033333,24.4855,32.625,45.10666667,499.7166667
15/02/2002,15:30,57.5,1,9,1,4.634,3.331,0.209,87.24,1500,0.3485,252.3333333,14.96666667,7.553333333,2.033333333,1,2.84,32.49,32.86333333,31.38,360.3,339.25,20.721,29.515,36.825,52.455,500.4166667
15/02/2002,15:39,ac4,1,9,1,4.071,3.205,0.175,87.22142857,1500,0.352857143,258.1428571,14.17142857,7.455714286,1.984285714,1,2.84,32.33571429,32.67714286,31.42571429,360.5285714,340.5,21.577,30.24057143,38.67571429,54.20142857,500.6
15/02/2002,17:04,39.5,1,10,1,4.698,2.63,0.17,87.10166667,417,0.147,265.8333333,6.771666667,3.471666667,2.093333333,1,2.84,29.14166667,29.44,28.12666667,364.1833333,354.55,15.78333333,19.87016667,33.90666667,42.68833333,499.4333333
15/02/2002,17:16,63.5,1,10,1,4.39,3.41,0.188,87.14,701,0.215166667,256.5,10.48333333,4.366666667,1.843333333,1,2.84,28.44833333,28.69166667,27.57,364.5833333,350.1333333,16.1945,21.32583333,36.22333333,47.705,499.6666667
11/02/2002,9:10,3.5,1,8,0,5.984,2.206,0.267,86.88166667,69,0.0909,288.1666667,3.546666667,0.452,0.4405,1,2.84,10.90333333,10.91333333,10.71833333,359.5,355.05,9.274833333,9.812833333,61.56166667,65.13333333,499.35
11/02/2002,11:25,57.5,1,7,0,5.858,2.408,0.243,87.09833333,700,0.191,235.3333333,11.96666667,1.186666667,0.566333333,1,2.84,17.245,17.29333333,17.47166667,359.05,344.1833333,15.09583333,16.49966667,66.58,72.77166667,499.15
11/02/2002,11:30,69.5,1,7,0,6.854,2.216,0.257,87.10333333,699,0.112,216.8333333,8.766666667,0.708166667,0.561666667,1,2.84,16.89,16.91333333,17.26666667,359.95,349.1666667,15.42033333,16.25566667,69.55166667,73.32,500.3333333
11/02/2002,14:43,21.5,1,8,0,6.156,2.295,0.25,87.15833333,200,0.159,306.6666667,4.236666667,1.178333333,0.667666667,1,2.84,18.13333333,18.285,17.82166667,360.9333333,355.3333333,14.44716667,15.83866667,60.285,66.09166667,499.4333333
11/02/2002,14:52,33.5,1,8,0,6.698,2.009,0.239,87.16,201,0.158166667,308,4.108333333,1.151666667,0.657,1,2.84,18.15,18.33166667,17.64333333,361.0833333,355.65,14.33766667,15.69583333,59.76833333,65.42833333,500.5
11/02/2002,17:10,14.5,1,7,0,6.877,1.922,0.263,87.1575,1501,0.17475,265.25,7.995,2.14,1.1,1,2.84,23.59,23.8075,24.045,358.975,348.5,19.32025,21.8315,57.615,65.1025,500.275
11/02/2002,17:18,22.5,1,7,0,6.469,2.529,0.268,87.16,1499,0.185,289.5,6.12,2,0.97625,1,2.84,22.4925,22.6425,23.265,359.225,351.025,19.3205,21.67125,61.58,69.075,500.3
12/02/2002,8:32,10.5,1,4,0,4.49,2.702,0.364,87.0025,50,0.17,346.25,1.5725,1.03,0.548,1,2.84,15.3625,15.4925,14.9,367.85,365.475,12.029,13.24775,59.73,65.7875,499.425
12/02/2002,9:02,18.5,1,3,0,5.939,2.575,0.264,87.03,50,0.2425,371,-0.7815,1.3625,0.52175,1,2.84,15.46,15.6,15.2125,368.925,369.15,12.327,13.938,60.865,68.83,499.425
12/02/2002,10:28,11.6,1,3,0,5.741,3.109,0.298,87.08,500,0.2182,325.8,3.986,2.35,0.99,1,2.84,20.076,20.282,19.712,368.9,363.14,12.2986,15.0968,45.552,55.812,500.46
12/02/2002,11:40,54.5,1,4,0,5.275,2.598,0.281,87.06,500,0.151,250.75,8.66,0.711,0.422,1,2.84,18.515,18.6075,18.63,359.55,348.85,19.067,19.9025,77.5875,80.99,500.25
12/02/2002,15:13,26.5,1,4,0,6.563,2.017,0.221,86.91,300,0.20675,297.75,5.8975,2.11,0.9295,1,2.84,21.245,21.365,20.8475,359.725,351.75,15.274,17.75825,52.395,60.92,500.45
12/02/2002,15:46,50.5,1,3,0,5.017,2.001,0.377,86.8875,300,0.41725,290,11.725,3.3475,0.78025,1,2.84,21.7625,21.985,20.7275,360.65,345.25,15.34275,19.27175,50.9775,64.025,501.375
12/02/2002,15:53,58.5,1,3,0,7.054,1.962,0.23,86.8775,300,0.195,274.25,8.1175,2.2525,1.05,1,2.84,22.385,22.5675,22.045,361.275,350.7,15.92175,18.57625,50.935,59.4175,500.575
12/02/2002,17:48,54.5,1,4,0,6.502,2.287,0.222,86.85,300,0.1965,298.75,5.335,2.78,1.28,1,2.84,22.9225,23.08,22.5025,360.575,352.95,13.4605,16.7415,41.655,51.8025,499.475
13/02/2002,9:28,2.5,1,6,0,6.751,1.919,0.192,87.86,50,0.44325,351.25,0.69825,2.6325,0.592,1,2.84,17.85,17.97,16.9775,360.275,358.35,12.24925,15.3665,52.45,65.7975,499.35
13/02/2002,9:34,6.5,1,6,0,6.966,1.812,0.188,87.86,50,0.42175,354.5,0.3785,2.425,0.56975,1,2.84,17.95,18.075,16.705,361.3,359.8,12.373,15.23675,52.6475,64.83,500.575
13/02/2002,9:37,10.5,1,6,0,6.321,2.247,0.252,87.8575,50,0.32925,368.25,-2.2,2.2525,0.65775,1,2.84,18.06,18.18,17.3175,359.1,360.775,12.4365,15.0965,52.555,63.7925,500.5
13/02/2002,11:31,22.5,1,5,0,7.049,2.381,0.202,87.8325,300,0.37075,307,7.81,2.7175,0.711,1,2.84,20.7925,20.885,20.2025,359.325,348.85,15.766,18.962,56.1875,67.5775,500.45
13/02/2002,14:27,6.5,1,5,0,5.361,2.95,0.322,87.72,1500,0.18775,247.25,10.21,2.6175,1.26,1,2.84,25.96,26.13,26.56,359.375,345.975,22.322,25.38725,58.1725,66.1575,499.3
13/02/2002,14:38,18.5,1,5,0,6.961,2.279,0.272,87.715,250,0.2035,304.25,5.165,1.9525,0.8765,1,2.84,24.265,24.545,23.485,359.75,352.65,20.80525,23.10075,59.975,66.5825,499.425
13/02/2002,14:51,30.5,1,6,0,6.54,2.268,0.265,87.74,1500,0.3195,266.5,12.825,4.3,1.27,1,2.84,27.0125,27.17,27.0425,361.1,343.925,21.4045,26.42625,52.4425,64.745,500.4
13/02/2002,16:00,26.5,1,6,0,5.512,2.353,0.249,87.7,1500,0.159,249.25,8.595,2.86,1.61,1,2.84,26.205,26.3125,26.8925,360.125,348.65,18.8375,22.19025,48.3625,56.97,500.325
13/02/2002,16:08,30.5,1,5,0,6.839,1.999,0.244,87.665,200,0.1975,347.75,0.468,2.18,1.0075,1,2.84,24.125,24.4325,23.285,359.7,358.175,18.6515,21.216,54.1825,61.6325,499.75
13/02/2002,16:11,34.5,1,5,0,7.272,2.313,0.229,87.665,200,0.1135,296.25,3.585,1.325,1.0375,1,2.84,23.8275,24.0925,22.8825,359.9,354.9,18.52725,20.08925,54.785,59.405,499.575
13/02/2002,17:06,2.5,1,5,0,6.554,2.071,0.211,87.6425,1500,0.27875,280,9.0875,5.0275,1.675,1,2.84,28.72,28.86,28.7225,359.375,346.375,20.164,26.04775,44.66,57.6925,499.3
13/02/2002,17:08,6.5,1,5,0,6.751,2.201,0.236,87.64,1500,0.21775,263.75,9.3725,4.19,1.7525,1,2.84,28.6375,28.765,28.7525,360.325,347.325,20.334,25.244,45.2575,56.1825,499.225
13/02/2002,17:14,10.5,1,6,0,6.446,2.323,0.23,87.67,1500,0.2955,263.5,12.075,5.29,1.6725,1,2.84,29.2375,29.4575,28.895,361.225,344.525,20.35975,26.53525,43.78,57.06,500.3
14/02/2002,7:50,2.5,1,2,0,6.287,3.041,0.235,86.85,400,0.451,291.5,11.675,4.275,0.92975,1,2.84,23.4175,23.7075,22.1625,359.775,343.975,15.1195,20.1535,45.41,60.5275,499.4
14/02/2002,7:58,10.5,1,2,0,6.675,2.69,0.218,86.86,399,0.38725,298,9.25,4.2075,1.045,1,2.84,24.45,24.6925,23.095,359.65,346.8,15.6735,20.61475,44.2525,58.205,500.5
14/02/2002,8:06,18.5,1,2,0,6.053,2.921,0.254,86.87,400,0.49675,303,9.775,5.3175,1.06,1,2.84,25.86,26.175,24.17,359.625,345.825,16.37175,22.612,42.5025,58.7,499.45
14/02/2002,9:32,10.5,1,2,0,6.451,2.537,0.222,86.89,1499,0.31925,276.25,10.95,4.8575,1.42,1,2.84,28.5025,28.99,27.8025,359.35,344.225,21.1655,26.8375,47.0725,59.685,500.3
14/02/2002,9:46,14.5,1,1,0,6.961,2.329,0.208,86.89,1500,0.4255,288.75,11.65,5.8575,1.33,1,2.84,28.3475,28.7025,27.6775,361.9,345.725,20.75025,27.5985,46.5625,61.93,499.325
14/02/2002,10:05,ac2,1,1,0,6.25,2.638,0.207,86.89,1498,0.360714286,263.4285714,14.11428571,5.74,1.502857143,1,2.84,28.29142857,28.59714286,27.72428571,360.6857143,341.3571429,18.93857143,25.66128571,42.63857143,57.77285714,499.2714286
14/02/2002,10:50,2.5,1,1,0,6.559,2.679,0.214,86.91,1501,0.327,290.25,8.63,6.3775,1.8225,1,2.84,30.095,30.26,29.13,360.725,347.675,18.18875,25.6425,36.9025,52.0275,500.3
14/02/2002,10:57,10.5,1,1,0,6.677,2.62,0.258,86.9175,1501,0.303,273,10.5,6.5275,1.995,1,2.84,30.59,30.7675,29.925,360.425,345.15,18.23125,25.85425,35.9575,50.9925,500.5
14/02/2002,11:15,22.5,1,2,0,6.065,2.46,0.246,86.93,1501,0.16,277,5.9775,3.5525,1.965,1,2.84,29.155,29.5125,28.9725,360.4,351.75,19.428,23.582,41.605,50.5025,500.475
14/02/2002,12:23,26.5,1,1,0,5.715,3.384,0.299,86.9075,200,0.2445,312.75,4.8175,3.06,1.1475,1,2.84,25.6975,25.9475,24.28,360.65,353.55,18.26225,21.85575,47.8925,57.315,499.575
14/02/2002,12:31,34.5,1,2,0,6.03,2.372,0.216,86.8975,201,0.357,330.25,3.645,3.765,1,1,2.84,25.155,25.465,23.7125,360.55,354.625,17.9195,22.34425,48.5325,60.51,499.475
14/02/2002,12:42,50.5,1,2,0,6.172,2.449,0.228,86.8875,201,0.258,336.5,1.55,3.8775,1.3825,1,2.84,26.7625,26.935,25.4575,359.375,355.875,17.13,21.6885,42.17,53.3875,499.525
14/02/2002,14:04,2.5,1,1,0,7.102,2.044,0.186,86.835,301,0.31375,271.75,6.5675,4.8675,1.45,1,2.84,27.6025,27.835,26.1,326.125,316.375,16.6815,22.3985,39.0725,52.465,499.15
14/02/2002,14:17,18.5,1,1,0,6.889,1.761,0.182,86.83,300,0.26275,303.25,5.99,3.9375,1.38,1,2.84,26.365,26.735,24.8175,359.875,351.25,15.68725,20.3125,39.5025,51.15,500.525
14/02/2002,14:38,42.5,1,2,0,6.563,2.247,0.254,86.7975,300,0.1475,281,5.58,2.475,1.49,1,2.84,24.9925,25.1925,24.15,360.8,352.975,14.7495,17.66875,40.28,48.25,499.3
14/02/2002,16:02,17.5,1,2,0,6.338,1.867,0.23,86.74,200,0.1145,297,3.406666667,1.418333333,1.086666667,1,2.84,24.32166667,24.44833333,23.83,358.05,352.8666667,19.96766667,21.64,56.73,61.47666667,499.3166667
14/02/2002,16:22,41.5,1,1,0,6.844,1.577,0.184,86.73666667,200,0.0754,252.8333333,4.351666667,0.987,1.131666667,1,2.84,23.89666667,24.02166667,23.50833333,359.4166667,353.8,19.288,20.44816667,56.205,59.58333333,500.5166667
14/02/2002,16:39,65.5,1,1,0,6.68,1.808,0.19,86.73833333,200,0.061166667,312.3333333,1.29,0.9285,1.31,1,2.84,24.46833333,24.50333333,24.24166667,357.0666667,354.95,18.86116667,19.95133333,53.11,56.18333333,500.3
15/02/2002,7:54,3.5,1,10,0,6.665,2.809,0.234,87.66833333,99,0.06935,280.8333333,3.093166667,0.318,0.403333333,1,2.84,17.91,18.01166667,17.67333333,359.2833333,355.45,18.16883333,18.5425,77.33166667,78.925,500.3333333
15/02/2002,8:04,15.5,1,10,0,6.698,2.445,0.199,87.68,101,0.114,305.3333333,3.305,0.568666667,0.444333333,1,2.84,18.82166667,18.87666667,18.6,360.1666667,355.9666667,18.79683333,19.46483333,75.57333333,78.26,500.85
15/02/2002,8:20,39.5,1,10,0,6.513,2.859,0.278,87.66,100,0.083833333,331.5,1.1935,0.507333333,0.533333333,1,2.84,19.825,19.89,19.67333333,359.45,357.3833333,19.54866667,20.14566667,73.82833333,76.07833333,500.25
15/02/2002,9:07,87.5,1,10,0,7.564,2.515,0.215,87.66,99,0.149166667,319.8333333,3.246666667,2.095,1.27,1,2.84,20.9,21.02833333,20.305,369,364.2166667,10.3165,12.79683333,36.46,45.225,500.35
15/02/2002,10:26,27.5,1,10,0,6.42,2.832,0.216,87.63333333,201,0.152,292.3333333,4.616666667,2.97,1.758333333,1,2.84,25.58,25.75333333,24.64,360.3166667,353.5,11.98,15.48333333,31.89833333,41.22666667,500.5666667
15/02/2002,10:42,51.5,1,9,0,5.821,3.097,0.229,87.63,201,0.218166667,292.5,6.365,3.505,1.478333333,1,2.84,24.82,25.085,23.52833333,359.8166667,350.9333333,12.2265,16.366,34.05833333,45.59166667,499.4333333
15/02/2002,10:53,75.5,1,9,0,5.902,2.917,0.232,87.61666667,201,0.188166667,292.6666667,5.605,3.1,1.5,1,2.84,24.28666667,24.46833333,23.38333333,360.05,352.0666667,12.13333333,15.79866667,34.88333333,45.42166667,499.3666667
15/02/2002,11:49,3.5,1,9,0,6.661,2.62,0.21,87.58333333,200,0.186833333,304.1666667,5.425,3.03,1.476666667,1,2.84,24.285,24.47833333,23.27666667,370.2,362.3333333,12.27833333,15.87533333,35.35833333,45.64,500.35
15/02/2002,12:14,39.5,1,10,0,6.196,2.633,0.23,87.565,200,0.136166667,323.6666667,2.546666667,2.586666667,1.696666667,1,2.84,25.30166667,25.42833333,24.57166667,370.25,366.0666667,12.96333333,16.02033333,35.06333333,43.33166667,499.35
15/02/2002,15:08,27.5,1,10,0,6.945,2.399,0.175,87.32833333,200,0.156333333,322.1666667,1.883333333,4.03,2.291666667,1,2.84,30.90666667,31.22333333,29.47833333,360.9333333,356.95,16.3515,21.0895,31.82,41.04,499.65
15/02/2002,15:24,51.5,1,9,0,6.188,2.771,0.231,87.25,1501,0.130333333,252.5,6.425,4.123333333,2.77,1,2.84,32.66666667,33.03166667,32.54333333,359.2166667,350.0333333,19.88033333,24.702,34.97666667,43.46333333,500.4166667
15/02/2002,15:34,63.5,1,9,0,6.484,2.827,0.257,87.24,1501,0.160333333,257.6666667,7.321666667,4.783333333,2.631666667,1,2.84,32.735,33.055,32.68166667,359.8833333,349.1166667,21.131,26.71366667,37.03833333,46.82166667,500.3333333
15/02/2002,17:00,27.5,1,10,0,7.261,2.375,0.2,87.09666667,700,0.0827,357.5,-0.513666667,2.363333333,2.476666667,1,2.84,29.59666667,29.90166667,29.14166667,364.7666667,364.3,15.29933333,18.08883333,32.01666667,37.85333333,499.4833333
15/02/2002,17:09,51.5,1,10,0,6.986,2.315,0.182,87.11666667,200,0.105833333,295.5,3.31,2.508333333,2.073333333,1,2.84,28.77166667,29.06333333,27.64833333,365.2166667,360.1666667,15.91666667,18.8675,34.93666667,41.42166667,499.6
15/02/2002,17:21,75.5,1,10,0,6.011,2.925,0.239,87.14666667,200,0.1025,304.3333333,2.72,2.308333333,1.971666667,1,2.84,28.20166667,28.43666667,27.13166667,364.6833333,360.45,16.0515,18.771,36.42666667,42.60166667,499.6
6/05/2002,9:52,3.5,1,3,0,6.83,2.146,0.172,87.62333333,60,0.236,335.5,3.773333333,1.68,0.665833333,1,2.84,14.28833333,14.43333333,14.28,372.5166667,367.2666667,9.048833333,11.04366667,48.50833333,59.20166667,500.3666667
6/05/2002,9:58,15.5,1,3,0,5.736,2.908,0.209,87.62833333,60,0.149333333,319.3333333,3.793333333,1.141666667,0.6945,1,2.84,14.24833333,14.355,14.29833333,371.2666667,366.2166667,9.386666667,10.7395,50.45333333,57.72166667,500.4
6/05/2002,10:06,27.5,1,3,1,4.715,3.111,0.235,87.63,61,0.284833333,338.8333333,3.631666667,1.85,0.615833333,1,2.84,14.44333333,14.55833333,14.45,370.15,365,9.631833333,11.822,51.12833333,62.75166667,500.4166667
6/05/2002,10:13,39.5,1,3,1,4.351,3.345,0.238,87.62833333,61,0.3435,340.8333333,4.053333333,2.13,0.599166667,1,2.84,14.44666667,14.555,14.46166667,371.45,365.65,9.506833333,12.02866667,50.44333333,63.82166667,500.3333333
6/05/2002,10:25,ac1,1,3,0,7.312,2.089,0.17,87.64,1499,0.12,229.9532746,8.198188923,1.033886826,0.776714286,1,2.84,15.04285714,15.02428571,15.37285714,360.2857143,350.2714286,10.01428571,9.913,50.62714286,56.88857143,500.2857143
6/05/2002,11:36,3.5,1,3,1,5.942,2.527,0.189,87.62,500,0.234,260.6666667,12.28333333,2.136666667,0.851,1,2.84,17.29666667,17.53166667,17.19833333,371.25,355.5833333,10.235,12.76483333,45.25833333,56.44666667,500.3666667
6/05/2002,11:43,15.5,1,3,0,5.887,2.607,0.195,87.61,500,0.192666667,243.1666667,12.31666667,1.921666667,0.916666667,1,2.84,17.29833333,17.525,17.31,374.8333333,357.9333333,9.9075,12.17183333,43.72,53.78333333,500.3166667
6/05/2002,11:55,27.5,1,4,0,5.005,2.574,0.276,87.59833333,501,0.239166667,283.1666667,9.85,2.136666667,0.833166667,1,2.84,16.79,16.98666667,16.81166667,371.3166667,358.6,9.899833333,12.42633333,45.18333333,56.72333333,500.45
6/05/2002,12:04,39.5,1,4,0,4.611,2.76,0.242,87.58833333,500,0.244333333,260.8333333,12.76666667,2.015,0.7715,1,2.84,16.25666667,16.40666667,16.33666667,371.1833333,355,10.09266667,12.48016667,47.66166667,58.93666667,500.35
6/05/2002,12:19,51.5,1,4,1,5.054,1.865,0.318,87.56166667,499,0.201833333,298.5,7.243333333,1.808333333,0.827166667,1,2.84,16.135,16.25333333,16.25,374,364.5166667,9.5825,11.7265,45.58833333,55.78833333,500.4166667
6/05/2002,12:34,63.5,1,4,1,5.111,2.197,0.212,87.55,501,0.1515,255,8.13,1.388333333,0.8315,1,2.84,15.835,15.90833333,15.99833333,359.6,349.25,9.695,11.34466667,47.00833333,55.00833333,499.3666667
6/05/2002,14:30,3.5,1,3,0,6.092,*,*,87.51,51,0.097633333,265.37,5.29,0.921166667,0.840833333,1,2.84,15.94,16.085,15.93833333,370.5333333,363.8,10.0685,11.16066667,48.47166667,53.73166667,500.4166667
6/05/2002,14:39,15.5,1,3,1,4.861,1.905,0.137,87.51166667,49,0.2105,334,2.233333333,1.72,0.754666667,1,2.84,15.76666667,15.92666667,15.75166667,360.3,356.9166667,9.8645,11.89866667,48.01833333,57.92333333,500.4833333
6/05/2002,14:47,27.5,1,3,1,4.818,2.589,0.195,87.51166667,50,0.1595,334.8333333,1.610833333,1.45,0.825833333,1,2.84,16.05,16.19,16.05333333,359.6333333,357.0833333,9.763833333,11.4845,46.67333333,54.90333333,499.3833333
6/05/2002,14:55,39.5,1,3,0,6.67,2.121,0.143,87.51333333,50,0.02655,236.6666667,1.906666667,0.3085,1.01,1,2.84,16.455,16.59,16.51666667,361.1,358.7666667,9.613333333,9.9805,44.79333333,46.50333333,499.45
6/05/2002,15:09,51.5,1,4,1,4.936,2.014,0.157,87.51166667,49,0.162333333,326.8333333,2.313333333,1.47,0.823666667,1,2.84,15.855,16.04166667,15.83,359.6833333,356.1,9.469333333,11.21016667,45.83833333,54.265,500.2833333
6/05/2002,15:15,63.5,1,4,0,5.274,3.047,0.27,87.51,51,0.044783333,286,1.8,0.473833333,0.926,1,2.84,15.745,15.88666667,15.79833333,359.3833333,356.9,9.4375,9.999833333,45.99833333,48.73833333,500.4166667
7/05/2002,7:31,3.5,1,7,0,5.322,2.17,0.196,88.16333333,30,0.030766667,321.3333333,0.914833333,0.235833333,0.6745,1,2.84,12.09,12.19333333,12.15166667,374.95,373.7833333,8.196333333,8.476333333,51.03333333,52.77833333,500.5
7/05/2002,7:44,21.5,1,7,1,3.82,2.585,0.433,88.17,30,0.0872,351.8333333,0.877666667,0.668666667,0.6875,1,2.84,12.86,12.95166667,12.93333333,374.2,372.8333333,8.377,9.174333333,49.60333333,54.30333333,500.4333333
7/05/2002,7:51,33.5,1,7,0,4.881,2.21,0.188,88.18,50,0.071883333,327.1666667,1.763333333,0.573666667,0.712166667,1,2.84,13.045,13.14333333,13.11333333,374.2,371.95,8.413,9.099166667,49.22,53.20666667,500.45
7/05/2002,7:59,45.5,1,7,1,4.232,2.802,0.424,88.18166667,50,0.100283333,334.1666667,1.906666667,0.7585,0.6815,1,2.84,13.255,13.365,13.29166667,372.7333333,370.0833333,8.742333333,9.643333333,50.44333333,55.64,500.3833333
7/05/2002,8:10,57.5,1,8,0,4.823,2.667,0.194,88.19166667,50,0.11205,339,1.761666667,0.832833333,0.6725,1,2.84,13.4,13.52833333,13.44166667,372.0833333,369.6166667,8.928166667,9.9175,51.035,56.68833333,500.3166667
7/05/2002,8:18,69.5,1,8,1,3.716,3.535,0.221,88.19833333,50,0.136,350.8333333,1.1815,1.023166667,0.6855,1,2.84,13.61166667,13.71,13.65333333,372.2166667,370.3666667,8.7975,10.01266667,49.60666667,56.45666667,500.5166667
7/05/2002,8:24,81.5,1,8,0,5.42,2.498,0.182,88.2,49,0.174166667,347.5,1.83,1.296666667,0.687333333,1,2.84,13.7,13.82333333,13.72666667,372.4666667,369.6833333,8.541,10.07983333,47.88333333,56.51166667,500.4166667
7/05/2002,8:30,93.5,1,8,1,4.446,2.698,0.253,88.21,61,0.148333333,335,2.636666667,1.15,0.709333333,1,2.84,13.78833333,13.87,13.81833333,372.9166667,369.2333333,8.571,9.936,47.775,55.38333333,500.35
7/05/2002,8:39,105.5,1,7,0,4.762,2.81,0.21,88.20333333,70,0.161333333,330.3333333,3.158333333,1.208333333,0.688166667,1,2.84,13.79166667,13.90333333,13.81666667,372.05,367.7,8.74,10.173,48.7,56.68333333,500.45
7/05/2002,8:49,117.5,1,7,1,3.99,2.89,0.472,88.22,61,0.232166667,333.3333333,2.536666667,1.635,0.661833333,1,2.84,13.95333333,14.08166667,13.96333333,359.6,356.2666667,8.699333333,10.63733333,47.99166667,58.68166667,500.4333333
7/05/2002,10:04,3.5,1,7,0,3.896,3.049,0.256,88.22833333,1500,0.409333333,262.6666667,18.65,3.96,0.957666667,1,2.84,18.545,18.58333333,18.72166667,373.8166667,349.7166667,9.032666667,13.70416667,37.15333333,56.42,500.3166667
7/05/2002,10:08,9.5,1,7,1,4.367,2.877,0.459,88.23166667,1500,0.373166667,289,12.98333333,3.633333333,0.953333333,1,2.84,18.18833333,18.21,18.34833333,373.6,356.5333333,8.901833333,13.19666667,37.43333333,55.53333333,500.3
7/05/2002,10:13,15.5,1,7,1,4.367,2.877,0.459,88.23,1500,0.432,279.8333333,16.08333333,3.796666667,0.877166667,1,2.84,17.90666667,17.87666667,18.08166667,372.8666667,351.9666667,9.1615,13.65466667,39.25666667,58.51333333,500.25
7/05/2002,10:17,21.5,1,7,0,4.23,2.939,0.24,88.23333333,1500,0.288666667,255.6666667,15.45,2.85,0.942833333,1,2.84,17.53333333,17.51833333,17.77333333,373.6666667,353.9333333,9.081,12.456,39.84166667,54.64833333,500.25
7/05/2002,10:20,27.5,1,7,1,3.68,3.111,0.53,88.23166667,1499,0.3795,277.1666667,15.43333333,3.34,0.8645,1,2.84,17.43666667,17.41,17.66333333,374.4166667,354.55,9.240166667,13.18483333,40.71666667,58.17,500.25
7/05/2002,10:47,3.5,1,8,0,5.097,2.754,0.198,88.23166667,1500,0.461833333,262.1666667,20,3.875,0.844833333,1,2.84,18.03166667,18.06833333,18.10166667,371.3166667,345.7333333,9.503833333,14.05583333,40.22166667,59.71333333,500.25
7/05/2002,10:49,9.5,1,8,1,4.347,2.916,0.215,88.23333333,1499,0.451833333,262,19.55,3.831666667,0.850833333,1,2.84,18.37666667,18.41333333,18.45666667,370.0666667,345.1166667,9.998333333,14.51683333,41.525,60.38333333,500.2166667
7/05/2002,10:55,ac2,1,8,0,4.971,2.682,0.205,88.23714286,1500,0.48,246.21185,20.82126829,4.282469764,0.901,1,2.84,19.43285714,19.50857143,19.43571429,359.7428571,333.1,10.41314286,10.41314286,40.56428571,60.25857143,500.2714286
7/05/2002,11:33,3.5,1,8,0,4.981,2.881,0.206,88.23166667,1499,0.3515,246.1666667,18.96666667,4.901666667,1.351666667,1,2.84,22.08833333,22.41666667,21.89666667,373.65,348.85,8.754833333,14.57333333,29.03333333,48.19333333,500.35
7/05/2002,11:36,9.5,1,8,1,4.609,2.887,0.31,88.225,1500,0.418,251.5,20.53333333,5.411666667,1.28,1,2.84,21.91,22.25,21.675,373.7166667,346.9,8.573666667,14.96616667,28.67666667,50.04833333,500.2833333
7/05/2002,11:38,15.5,1,8,1,4.121,3.079,0.229,88.22166667,1499,0.425166667,260.6666667,18.8,5.318333333,1.24,1,2.84,21.68,22.00166667,21.48166667,372.4166667,347.6166667,8.8,15.07983333,29.83666667,51.12833333,500.3166667
7/05/2002,11:42,21.5,1,8,0,4.934,2.9,0.209,88.22166667,1501,0.208,222.8333333,15.13333333,3.396666667,1.515,1,2.84,22.00833333,22.28,21.82833333,374.25,354.6666667,8.557,12.58066667,28.44666667,41.81833333,500.3166667
7/05/2002,11:45,27.5,1,7,0,5.173,2.529,0.24,88.21666667,1500,0.2975,245.6666667,16.71666667,4.298333333,1.376666667,1,2.84,21.84666667,22.11666667,21.71166667,372.9666667,351.15,8.849833333,13.933,29.69666667,46.76,500.3
7/05/2002,11:47,33.5,1,7,1,4.282,2.87,0.402,88.21333333,1500,0.350833333,279.5,13.6,4.703333333,1.3,1,2.84,21.405,21.665,21.24333333,374.0333333,355.7666667,8.4095,13.97233333,28.99833333,48.18333333,500.3666667
7/05/2002,11:57,ac3,1,7,1,4.811,2.687,0.234,88.21,1499,0.262,225.1086146,15.89808148,3.509922491,1.265714286,1,2.84,20.29714286,20.50428571,20.36142857,361.2142857,340.7,8.69,8.69,32.07285714,47.40857143,500.2857143
7/05/2002,12:35,3.5,1,7,0,5.021,2.806,0.229,88.17666667,1500,0.276,243.1666667,16.31666667,3.705,1.271666667,1,2.84,20.69666667,20.92333333,20.69,374,352.85,8.969666667,13.353,32.285,48.06333333,500.3333333
7/05/2002,12:40,9.5,1,7,1,4.141,3.025,0.402,88.17333333,1500,0.1875,231.6666667,13.1,2.866666667,1.408333333,1,2.84,20.88666667,21.09333333,20.84333333,374.3,357.3666667,8.670833333,12.06633333,30.84833333,42.92666667,500.3166667
7/05/2002,12:44,15.5,1,8,0,4.309,2.895,0.218,88.17333333,1501,0.2965,231.5,18.86666667,4.023333333,1.295,1,2.84,20.92833333,21.14,20.835,373.4833333,349.2,8.569833333,13.33133333,30.40666667,47.30166667,500.3166667
7/05/2002,12:48,21.5,1,8,1,3.626,3.195,0.225,88.17666667,1499,0.128666667,203.6666667,11.41666667,2.108333333,1.478333333,1,2.84,20.71666667,20.905,20.75,373.0666667,358.4833333,8.599333333,11.0995,30.90666667,39.88666667,500.3166667
7/05/2002,14:06,3.5,1,7,0,5.719,2.202,0.243,88.125,1500,0.265166667,234,16.45,3.72,1.323333333,1,2.84,21.10833333,21.25166667,21.11833333,369.6666667,348.4166667,9.105666667,13.50733333,31.93833333,47.37333333,500.25
7/05/2002,14:09,9.5,1,7,1,4.185,2.479,0.321,88.12166667,1500,0.289166667,260.3333333,13.75,3.915,1.288333333,1,2.84,21.00166667,21.16666667,21.00166667,368.4666667,350.3333333,9.108666667,13.73883333,32.15666667,48.495,500.2666667
7/05/2002,14:10,15.5,1,7,0,5.544,2.367,0.232,88.12,1499,0.342333333,261.5,15.41666667,4.461666667,1.26,1,2.84,21.17833333,21.35166667,21.14333333,368.1833333,347.8666667,9.001833333,14.2745,31.42,49.84,500.3
7/05/2002,14:12,21.5,1,7,1,4.084,2.882,0.452,88.12,1499,0.308833333,273,12.68333333,4.255,1.316666667,1,2.84,21.53333333,21.71166667,21.48166667,369.4,352.3833333,9.204333333,14.233,31.45166667,48.63833333,500.3166667
7/05/2002,14:15,27.5,1,8,0,4.448,3.234,0.234,88.125,1500,0.226166667,223.3333333,15.45,3.456666667,1.425,1,2.84,21.61833333,21.82166667,21.60333333,367.5166667,347.6,9.1435,13.237,31.09833333,45.00166667,500.3166667
7/05/2002,14:18,33.5,1,8,1,4.364,2.852,0.193,88.12,1500,0.319666667,252.6666667,16.23333333,4.406666667,1.321666667,1,2.84,21.64833333,21.83666667,21.64833333,370.55,349.25,9.256333333,14.46433333,31.40666667,49.07833333,500.2833333
7/05/2002,14:28,ac4,1,8,0,4.883,2.817,0.208,88.12285714,1501,0.15,202.2197197,11.72975255,2.515591494,1.521428571,1,2.84,21.75285714,21.87285714,21.76428571,360.0714286,345.2857143,9.427285714,9.427285714,31.78142857,41.82857143,500.1142857
7/05/2002,15:30,ac5,1,7,1,4.23,2.856,0.546,88.11714286,1501,0.254,223.9190919,15.76379664,3.476922449,1.285714286,1,2.84,20.77285714,20.90857143,20.77,361.8285714,341.2285714,9.235857143,9.235857143,33.06428571,47.79285714,500.1428571
7/05/2002,16:05,3.5,1,7,0,4.444,2.891,0.237,88.12166667,301,0.050366667,130.5,6.94,0.9265,1.62,1,2.84,21.19833333,21.48166667,21.07666667,370.2833333,361.5333333,9.001166667,10.10083333,31.395,35.23166667,500.55
7/05/2002,16:08,15.5,1,7,1,3.911,2.797,0.636,88.12833333,301,0.09825,218.6666667,7.95,1.701666667,1.548333333,1,2.84,21.37666667,21.67,21.225,370.6166667,360.3666667,9.135666667,11.15616667,31.53333333,38.49,500.4166667
7/05/2002,16:13,27.5,1,7,0,4.791,2.42,0.212,88.11666667,301,0.201666667,249,11.78333333,3.046666667,1.395,1,2.84,21.24166667,21.555,21.02833333,371,355.9666667,8.907166667,12.51616667,31.01666667,43.55666667,500.4833333
7/05/2002,16:21,39.5,1,7,1,3.963,2.74,0.409,88.12166667,299,0.190833333,249.5,10.96,2.913333333,1.405,1,2.84,21.34333333,21.69833333,21.15833333,369.4833333,355.0166667,9.202166667,12.65183333,31.81666667,43.73666667,500.4333333
7/05/2002,16:26,51.5,1,8,1,3.987,2.838,0.223,88.12833333,299,0.1765,256.1666667,9.565,2.748333333,1.428333333,1,2.84,21.34166667,21.71666667,21.13833333,368.3833333,355.7166667,9.108833333,12.36516667,31.49333333,42.74333333,500.5166667
7/05/2002,16:31,63.5,1,8,1,3.864,3.31,0.233,88.12666667,299,0.105166667,207.8333333,9.015,1.875,1.598333333,1,2.84,21.66166667,22.02,21.54833333,369.5666667,357.9,8.946833333,11.16516667,30.31833333,37.845,500.4833333
7/05/2002,16:38,75.5,1,8,0,4.911,2.683,0.209,88.13,50,0.032333333,147.8333333,4.168333333,0.568666667,1.538333333,1,2.84,20.725,21.165,20.54,368.8666667,363.6666667,9.403,10.08816667,33.81833333,36.235,500.3666667
7/05/2002,16:42,87.5,1,8,1,3.895,2.928,0.232,88.13,50,0.04475,222,3.703333333,0.738833333,1.451666667,1,2.84,19.965,20.35166667,19.85166667,368.7,363.9833333,9.037166667,9.915333333,34.02166667,37.32,500.45
8/05/2002,7:32,3.5,1,5,0,4.442,3.546,0.266,88.69333333,51,0.032083333,224.0166667,3.121666667,0.15,0.414333333,1,2.84,10.14166667,10.32,10.13666667,388.75,384.8833333,9.183166667,9.3615,65.45833333,66.73166667,499.2666667
8/05/2002,7:40,15.5,1,5,1,4.494,2.854,0.2,88.7,50,0.073366667,295.5,3.913333333,0.354666667,0.434666667,1,2.84,10.735,10.88666667,10.765,391.3,386.4333333,9.299166667,9.7205,63.72666667,66.61166667,500.3833333
8/05/2002,7:52,27.5,1,5,1,4.691,2.808,0.217,88.70166667,50,0.08385,290.1666667,3.215,0.4135,0.4445,1,2.84,11.17833333,11.37333333,11.15833333,359.6333333,355.6,9.509666667,10.0005,63.27666667,66.54,500.4166667
8/05/2002,7:59,39.5,1,5,0,5.518,2.347,0.27,88.70833333,50,0.148,318.8333333,3.053333333,0.708666667,0.440833333,1,2.84,11.56166667,11.72333333,11.57333333,360.2166667,356.3333333,9.615666667,10.457,62.38,67.84666667,499.4166667
8/05/2002,8:08,51.5,1,5,1,4.712,2.698,0.224,88.71,50,0.121333333,292.5,4.473333333,0.639333333,0.480666667,1,2.84,12.01833333,12.18833333,12.02333333,361.8166667,356.55,9.7155,10.473,61.14666667,65.92166667,500.5833333
8/05/2002,8:18,63.5,1,6,0,5.064,2.399,0.246,88.75,119,0.1385,286,5.418333333,0.708833333,0.469333333,1,2.84,12.08166667,12.29666667,12.05666667,360.6333333,353.8166667,9.792,10.63333333,61.41,66.685,500.3333333
8/05/2002,8:24,75.5,1,6,1,4.11,4.114,0.308,88.75166667,119,0.173666667,297.5,5.408333333,0.8865,0.473666667,1,2.84,12.385,12.57,12.365,309.55,352.6833333,9.855666667,10.90766667,60.58166667,67.04833333,500.1833333
8/05/2002,8:32,87.5,1,6,0,4.75,3.061,0.244,88.75333333,121,0.236333333,307.1666667,5.896666667,1.128333333,0.452333333,1,2.84,12.51833333,12.70333333,12.49666667,359.8333333,352.7,9.960833333,11.2985,60.69833333,68.85166667,499.4666667
8/05/2002,8:39,99.5,1,6,0,4.876,3.552,0.269,88.76,121,0.217333333,293.1666667,7.228333333,1.065,0.4615,1,2.84,12.65166667,12.80833333,12.63833333,361.5666667,352.45,10.07766667,11.33883333,60.88,68.49833333,500.55
8/05/2002,9:52,3.5,1,6,0,5.242,2.599,0.184,88.75,300,0.337,296.6666667,11.58333333,3.113333333,0.901166667,1,2.84,17.86833333,18.05333333,17.78666667,378.1333333,362.8833333,9.219166667,12.88,39.68833333,55.61666667,500.55
8/05/2002,9:57,15.5,1,6,1,4.18,3.799,0.291,88.75,301,0.304833333,309,8.8,3.053333333,0.9665,1,2.84,18.23166667,18.31166667,18.05833333,377.2,365.3333333,8.915,12.53016667,37.64833333,52.91666667,500.4833333
8/05/2002,10:02,27.5,1,6,0,5.236,2.5,0.178,88.74333333,300,0.329,295.1666667,11.48333333,3.345,0.989666667,1,2.84,17.99666667,18.12166667,17.885,377.5333333,362.3333333,8.060666667,12.02333333,34.53166667,51.51333333,500.5166667
8/05/2002,10:07,39.5,1,6,0,5.664,2.234,0.171,88.74666667,301,0.365833333,314.1666667,9.121666667,3.531666667,0.949333333,1,2.84,18.04333333,18.21166667,17.96333333,376.85,364.3166667,8.401166667,12.58416667,35.905,53.77166667,500.4
8/05/2002,10:31,51.5,1,5,1,4.482,3.327,0.266,88.7,600,0.29,283.5,12.01666667,3.063333333,1.013333333,1,2.84,17.95,18.105,17.92833333,377.1166667,361.3666667,8.155,11.79633333,35.08333333,50.695,499.4166667
8/05/2002,10:37,63.5,1,5,0,4.868,1.91,0.197,88.69333333,601,0.31,274,13.98333333,3.19,0.995333333,1,2.84,17.97166667,18.125,17.92666667,376.7666667,358.5833333,8.236666667,12.02416667,35.33333333,51.57833333,499.5
8/05/2002,10:45,75.5,1,5,1,4.963,2.273,0.189,88.69,601,0.216333333,264,11.58333333,2.675,1.161666667,1,2.84,18.24833333,18.38,18.25166667,377.1833333,362.1,7.4565,10.63683333,31.42833333,44.83333333,499.4833333
8/05/2002,10:57,87.5,1,5,0,5.337,1.687,0.195,88.675,601,0.259166667,242.3333333,16.75,3.463333333,1.268333333,1,2.84,20.26166667,20.50833333,20.015,382.6,361,8.083166667,12.1855,30.05833333,45.31166667,500.45
8/05/2002,11:42,ac3,1,5,1,4.734,1.916,0.161,88.61142857,1501,0.398,261.8318641,15.5946343,4.010037816,0.997714286,1,2.84,18.63142857,18.65428571,18.55571429,360.9142857,340.4571429,8.174285714,8.174285714,33.61428571,53.18,499.2
8/05/2002,12:29,9.5,1,5,1,4.091,2.715,0.388,88.52166667,1499,0.320666667,258,16.41666667,3.175,0.9575,1,2.84,18.325,18.44333333,18.46833333,374.2,353.1833333,9.527166667,13.28533333,39.9,55.63166667,500.3166667
8/05/2002,12:34,21.5,1,5,0,4.876,2.459,0.191,88.51,1499,0.281166667,245.8333333,16.46666667,2.841666667,0.9635,1,2.84,18.47666667,18.57,18.61833333,373.5333333,352.6,10.083,13.44283333,41.80833333,55.74166667,500.35
8/05/2002,12:43,33.5,1,6,0,5.637,2.272,0.202,88.53166667,1499,0.206166667,243,13.1,2.335,1.055,1,2.84,18.55,18.69666667,18.68,373.5,356.7833333,9.722833333,12.48983333,40.14333333,51.57,500.2833333
8/05/2002,12:48,45.5,1,6,0,5.547,2.622,0.211,88.53,1499,0.4275,295,13.18333333,3.92,0.9155,1,2.84,18.74666667,18.90166667,18.82333333,373.6,356.1,9.656333333,14.28833333,39.385,58.28166667,500.1666667
8/05/2002,12:53,57.5,1,6,0,5.19,2.501,0.202,88.51666667,1500,0.386166667,279.1666667,14.88333333,3.68,0.939833333,1,2.84,18.74666667,18.895,18.85333333,372.8166667,353.4,9.711333333,14.06333333,39.6,57.34833333,500.3
8/05/2002,12:59,69.5,1,6,1,3.945,2.733,0.234,88.50666667,1499,0.218166667,249.3333333,12.88333333,2.461666667,1.056666667,1,2.84,18.87166667,18.99166667,19.045,372.5666667,356.0833333,10.16216667,13.0735,41.1,52.88666667,500.3666667
8/05/2002,14:26,3.5,1,6,0,4.772,2.901,0.239,88.505,1500,0.169333333,220.6666667,12.46666667,2.058333333,1.118333333,1,2.84,19.07166667,19.09833333,19.20166667,366.4333333,350.55,10.14583333,12.58983333,40.53666667,50.29833333,499.25
8/05/2002,14:28,9.5,1,6,0,4.347,3.197,0.241,88.50333333,1500,0.195333333,219.8333333,14.2,2.461666667,1.156666667,1,2.84,19.74166667,19.78,19.9,367.2,349.0833333,10.22966667,13.14966667,39.20166667,50.38833333,499.35
8/05/2002,14:30,15.5,1,6,1,3.822,3.14,0.21,88.5,1500,0.2,266.1666667,9.605,2.691666667,1.248333333,1,2.84,20.105,20.20166667,20.17166667,367.6166667,354.9166667,9.495833333,12.688,35.58,47.535,499.3
8/05/2002,14:33,21.5,1,6,0,4.765,2.981,0.233,88.5,1499,0.329166667,253.6666667,16.21666667,3.963333333,1.163333333,1,2.84,20.48333333,20.62666667,20.48833333,367.5333333,346.4333333,9.4855,14.17816667,34.715,51.89,499.3333333
8/05/2002,14:35,27.5,1,6,1,4.152,2.676,0.166,88.50166667,1500,0.254666667,256,12.98333333,3.478333333,1.29,1,2.84,21.05166667,21.17833333,21.09666667,368.0333333,350.8333333,9.691666667,13.80033333,34.19,48.765,499.25
8/05/2002,14:38,33.5,1,6,0,4.856,2.294,0.191,88.50833333,1501,0.359833333,257.6666667,16.5,4.64,1.258333333,1,2.84,21.59666667,21.71833333,21.62,367.4833333,345.7833333,9.607666667,15.0875,32.84666667,51.58166667,500.2333333
8/05/2002,14:44,39.5,1,5,1,4.101,2.544,0.198,88.47,1500,0.207833333,235.3333333,13.08333333,3.351666667,1.498333333,1,2.84,22.20166667,22.34833333,22.29,367.7166667,350.5833333,9.632833333,13.59266667,31.70333333,44.76666667,500.25
8/05/2002,14:47,46,1,5,1,4.456,2.256,0.301,88.47,1499,0.272571429,249.8571429,14.32857143,4.104285714,1.427142857,1,2.84,22.35142857,22.52714286,22.44714286,367.6714286,348.7857143,9.830714286,14.69285714,32.12,47.95428571,500.2428571
8/05/2002,14:56,ac4,1,5,0,4.774,2.597,0.186,88.46428571,1501,0.303,219.7686728,18.03239884,4.410425234,1.391428571,1,2.84,22.70714286,22.85285714,22.85,358.4142857,334.8714286,10.66285714,10.66285714,34.05285714,50.67857143,500.2285714
8/05/2002,15:35,3.5,1,5,0,4.731,2.188,0.172,88.43333333,101,0.1495,303,4.661666667,1.931666667,1.181666667,1,2.84,19.32666667,19.61833333,19.19166667,368.75,362.3166667,9.603666667,11.89566667,37.73333333,46.735,500.4666667
8/05/2002,15:40,15.5,1,5,1,4.412,2.369,0.261,88.425,101,0.087683333,275.3333333,4.286666667,1.183333333,1.208333333,1,2.84,18.99333333,19.19166667,18.87333333,368.25,362.6,9.6845,11.087,38.83666667,44.46666667,500.3833333
8/05/2002,15:45,27.5,1,5,0,5.316,1.981,0.169,88.43,101,0.0783,269.1666667,4.131666667,1.041666667,1.183333333,1,2.84,18.64166667,18.79333333,18.60833333,367.85,362.4666667,9.679166667,10.9145,39.71,44.77,500.4666667
8/05/2002,15:51,39.5,1,5,1,4.367,2.74,0.272,88.425,101,0.060466667,243.8333333,4.146666667,0.811166667,1.191666667,1,2.84,18.535,18.63666667,18.39,368.0333333,362.7,9.576666667,10.53833333,39.53333333,43.5,500.75
8/05/2002,15:59,51.5,1,6,0,5.125,2.734,0.205,88.46666667,101,0.040466667,209.1666667,3.705,0.56,1.221666667,1,2.84,18.765,18.945,18.75833333,370.1333333,363.9166667,10.08966667,10.74516667,41.05,43.75833333,500.5
8/05/2002,16:04,63.5,1,6,1,4.154,2.76,0.217,88.45333333,50,0.0759,315,2.101666667,0.9775,1.15,1,2.84,18.745,18.96333333,18.73333333,370.4,367.5666667,10.3785,11.5385,42.3,47.025,500.4166667
8/05/2002,16:11,75.5,1,6,0,5.145,2.478,0.203,88.44,50,0.083833333,302.3333333,2.763333333,1.085,1.158333333,1,2.84,18.69666667,18.885,18.70166667,367.3166667,363.5333333,10.10716667,11.39216667,41.31166667,46.56166667,500.4333333
8/05/2002,16:16,87.5,1,6,0,NA,NA,NA,88.44,99,0.010348333,324.6666667,0.195833333,0.147833333,1.248333333,1,2.84,18.70333333,18.9,18.76833333,366.6666667,366.1833333,10.314,10.48666667,42.13333333,42.84666667,500.4333333
9/05/2002,7:26,3.5,1,1,0,6.011,2.573,0.227,87.08,50,0.1019,331.1666667,2.365,0.807166667,0.705833333,1,2.84,12.38833333,12.475,12.38333333,377.9,374.6833333,7.509833333,8.469333333,45.285,51.07333333,500.45
9/05/2002,7:33,15.5,1,1,1,4.595,3.45,0.295,87.08166667,50,0.116833333,343.8333333,1.876666667,0.934333333,0.714833333,1,2.84,12.67666667,12.74666667,12.68333333,377.7166667,375.0666667,7.585,8.698,44.89,51.47333333,499.45
9/05/2002,7:38,27.5,1,1,0,4.906,3.038,0.248,87.08333333,49,0.221166667,356,1.833333333,1.551666667,0.649833333,1,2.84,12.81,12.835,12.73833333,377.3,374.3833333,7.6605,9.503166667,44.93333333,55.74333333,500.55
9/05/2002,7:43,39.5,1,1,1,4.813,3.191,0.279,87.085,49,0.183666667,350.5,2.091666667,1.368333333,0.682166667,1,2.84,12.97333333,13.02833333,12.98333333,377.2,374.0833333,7.785666667,9.411333333,45.17666667,54.61833333,500.3666667
9/05/2002,7:55,51.5,1,2,0,5.931,2.02,0.235,87.09166667,89,0.10455,278.3333333,5.51,0.863,0.735166667,1,2.84,13.13,13.24333333,13.15,380.0833333,373.0833333,7.962333333,8.988166667,45.745,51.635,500.4
9/05/2002,8:02,63.5,1,2,1,4.048,2.947,0.567,87.09166667,91,0.1225,314,3.966666667,0.998,0.730666667,1,2.84,13.325,13.41833333,13.33333333,377.5833333,372.3833333,8.064833333,9.250166667,45.75,52.47666667,500.5166667
9/05/2002,8:14,75.5,1,2,0,5.613,2.638,0.254,87.09833333,89,0.148166667,309,5.001666667,1.185,0.720333333,1,2.84,13.57833333,13.71833333,13.55666667,376.8666667,370.3333333,8.221666667,9.625,45.875,53.70666667,500.4333333
9/05/2002,8:20,87.5,1,2,1,4.134,3.294,0.631,87.1,89,0.165,325.5,4.136666667,1.286666667,0.708666667,1,2.84,13.73833333,13.87166667,13.695,377.4833333,371.9166667,8.3945,9.922,46.36,54.80166667,500.4666667
9/05/2002,8:31,99.5,1,2,0,7.058,2.239,0.247,87.1,417,0.233333333,301,6.775,1.733333333,0.689833333,1,2.84,14.12,14.25166667,14.14666667,363.4,354.6166667,8.626166667,10.68416667,46.47166667,57.56,500.3666667
9/05/2002,9:25,3.5,1,2,0,5.502,2.805,0.265,87.08,201,0.327,287.8333333,13,2.223333333,0.65,1,2.84,14.43,14.61666667,14.37833333,378.2166667,361.6333333,8.775166667,11.4145,46.32166667,60.25333333,499.5
9/05/2002,9:34,15.5,1,2,1,4.571,3.02,0.633,87.07,201,0.297166667,276.5,11.08333333,2.118333333,0.676,1,2.84,14.745,14.87666667,14.70166667,359.6333333,345.4333333,8.998833333,11.517,46.54166667,59.565,499.5166667
9/05/2002,9:38,27.5,1,2,0,5.239,2.821,0.254,87.06833333,200,0.329333333,280.5,11.43333333,2.301666667,0.668,1,2.84,14.83833333,14.99166667,14.78833333,360.0833333,345.4,8.991,11.71816667,46.22166667,60.24166667,500.2333333
9/05/2002,9:43,39.5,1,2,1,4.351,2.774,0.502,87.06166667,201,0.324166667,283.8333333,10.8,2.283333333,0.673,1,2.84,14.86833333,15.02166667,14.805,360.1166667,346.2166667,8.978166667,11.68566667,46.06833333,59.94833333,500.3666667
9/05/2002,10:10,51.5,1,1,1,4.226,3.812,0.356,87.05166667,250,0.3385,271.8333333,13.1,2.12,0.601,1,2.84,13.90666667,14.095,13.85833333,360.05,343.4833333,8.846,11.358,48.29666667,62.01166667,500.3666667
9/05/2002,10:16,63.5,1,1,0,5.64,2.642,0.213,87.045,249,0.305666667,263.1666667,13.31666667,2.033333333,0.6315,1,2.84,14.05666667,14.19833333,14.01166667,360.0333333,343.1666667,8.775333333,11.1875,47.44666667,60.475,500.2666667
9/05/2002,10:22,75.5,1,1,0,4.863,2.87,0.241,87.04,250,0.3455,280.3333333,11.93333333,2.246666667,0.6265,1,2.84,14.15833333,12.11166667,14.11,360.1666667,344.95,8.7,11.36633333,46.72,61.03666667,500.4166667
9/05/2002,10:29,87.5,1,1,1,5.301,2.816,0.313,87.04,250,0.350833333,280.3333333,11.86666667,2.308333333,0.633333333,1,2.84,14.22,14.365,14.205,359.2166667,344.0333333,8.667,11.40016667,46.34166667,60.96666667,500.3666667
9/05/2002,11:20,3.5,1,1,0,4.743,3.473,0.228,86.96166667,300,0.338833333,279.6666667,14.01666667,2.361666667,0.667666667,1,2.84,15.125,15.30833333,15.04666667,374.2666667,356.5333333,9.257833333,12.05916667,46.695,60.785,500.45
9/05/2002,11:25,15.5,1,1,1,4.469,3.179,0.38,86.96,300,0.3275,275.5,14.18333333,2.255,0.656833333,1,2.84,15.04833333,15.22333333,14.98666667,373.2833333,355.3666667,9.435166667,12.10766667,47.81833333,61.34666667,500.45
9/05/2002,11:31,27.5,1,1,0,6.68,2.155,0.21,86.95,301,0.133333333,195,12.68333333,1.14,0.767333333,1,2.84,15.00666667,15.14666667,15.03333333,373.4333333,357.7666667,9.548166667,10.89916667,48.49166667,55.35666667,500.5
9/05/2002,11:36,39.5,1,1,1,4.503,3.185,0.391,86.94166667,300,0.345,279.8333333,13.91666667,2.271666667,0.6315,1,2.84,15,15.145,14.98,372.6333333,355,9.7035,12.39183333,49.29166667,62.96166667,500.4333333
9/05/2002,11:44,51.5,1,2,0,5.573,2.698,0.284,86.93,299,0.317333333,279.3333333,13.51666667,2.136666667,0.640666667,1,2.84,14.91833333,15.095,14.89833333,375.05,357.9,9.6585,12.19116667,49.32,62.25,500.4
9/05/2002,11:49,63.5,1,2,1,4.76,2.74,0.509,86.92166667,300,0.334166667,273,15.36666667,2.213333333,0.633666667,1,2.84,15.06166667,15.20166667,15.04333333,377.15,357.7833333,9.826333333,12.45,49.71,62.98333333,500.4166667
9/05/2002,11:53,75.5,1,2,0,5.268,2.858,0.264,86.92,301,0.2525,254.5,13.96666667,1.945,0.716666667,1,2.84,15.45166667,15.56833333,15.46833333,371.75,354.0333333,9.746666667,12.0475,48.07666667,59.43,500.45
9/05/2002,11:59,87.5,1,2,1,4.772,2.638,0.538,86.91166667,300,0.299,268.5,14.25,2.228333333,0.704666667,1,2.84,15.655,15.78166667,15.65333333,373.8333333,355.8,9.790166667,12.429,47.68166667,60.53333333,500.5166667
9/05/2002,14:13,3.5,1,2,1,4.145,3.021,0.683,86.74166667,299,0.1905,274.8333333,8.926666667,1.386666667,0.662666667,1,2.84,15.05,15.155,15.00833333,370.5333333,358.2166667,10.44983333,12.092,52.78166667,61.1,499.3166667
9/05/2002,14:19,15.5,1,2,0,5.547,2.865,0.245,86.74333333,300,0.027316667,206.1666667,2.696666667,0.253,0.798,1,2.84,15.3,15.365,15.365,373.2,370.3666667,10.70483333,11.00216667,53.20166667,54.69666667,499.4666667
9/05/2002,14:24,27.5,1,2,1,4.846,2.795,0.59,86.73833333,300,0.218666667,308.1666667,6.273333333,1.6,0.671666667,1,2.84,15.325,15.42,15.33666667,369.7166667,361.1666667,10.54366667,12.4335,52.30833333,61.70333333,500.4
9/05/2002,14:30,39.5,1,2,0,5.807,2.518,0.231,86.73833333,301,0.169833333,263.1666667,9.19,1.298333333,0.691166667,1,2.84,15.305,15.38666667,15.35,369.5833333,358.2,10.66616667,12.20733333,53.04,60.68166667,500.45
9/05/2002,14:37,51.5,1,1,1,4.981,2.749,0.302,86.73,299,0.2325,291,8.643333333,1.611666667,0.640666667,1,2.84,15.28,15.38333333,15.28,369.6333333,358.6833333,10.8075,12.71683333,53.79,63.3,500.3166667
9/05/2002,14:42,63.5,1,1,0,5.114,2.997,0.372,86.72833333,300,0.061783333,236.5,4.601666667,0.5585,0.7885,1,2.84,15.54666667,15.61666667,15.615,368.2,362.4333333,10.77083333,11.43033333,52.69833333,55.94,500.4
9/05/2002,14:47,75.5,1,1,1,4.367,3.353,0.267,86.72166667,300,0.318,298.6666667,9.695,2.12,0.631666667,1,2.84,15.615,15.725,15.58833333,368.65,356.0666667,10.68416667,13.193,52.06833333,64.27666667,500.4166667
9/05/2002,14:55,87.5,1,1,0,4.981,2.986,0.257,86.71666667,301,0.1565,246.1666667,9.058333333,1.331666667,0.765166667,1,2.84,15.42166667,15.53166667,15.40833333,358.6666667,347.2333333,9.856666667,11.4345,48.6,56.37833333,500.4
9/05/2002,16:05,3.5,1,1,0,5.313,2.93,0.209,86.655,99,0.028683333,204.8,2.895,0.249833333,0.751666667,1,2.84,14.85,14.98333333,14.86833333,372.9666667,369.4,10.61583333,10.91266667,54.27666667,55.79333333,500.4333333
9/05/2002,16:11,15.5,1,1,1,4.522,2.898,0.345,86.65,101,0.06915,257.5,4.401666667,0.573,0.724166667,1,2.84,15.00833333,15.11666667,15.02166667,371.2833333,365.7666667,10.743,11.422,54.35666667,57.795,500.3333333
9/05/2002,16:15,27.5,1,1,0,5.435,2.512,0.179,86.64666667,100,0.0458,231,3.713333333,0.386,0.730333333,1,2.84,15.03833333,15.12833333,15.00666667,371.5333333,366.9,10.871,11.32883333,54.90333333,57.215,500.45
9/05/2002,16:20,39.5,1,1,1,4.507,3.149,0.32,86.64166667,99,0.066533333,281.3333333,3.353333333,0.556833333,0.730666667,1,2.84,15.05833333,15.18333333,15.07333333,372.3166667,368.0666667,10.7515,11.4115,54.23,57.56166667,500.4666667
9/05/2002,16:27,51.5,1,2,0,5.251,2.697,0.238,86.63333333,101,0.007273333,234.8666667,0.543333333,0.064516667,0.7585,1,2.84,14.90166667,15.05666667,14.88833333,372.2666667,371.5166667,10.799,10.87316667,54.99333333,55.38333333,500.35
9/05/2002,16:32,63.5,1,2,1,4.349,2.833,0.511,86.635,50,0.054066667,313.5,1.706833333,0.443666667,0.713333333,1,2.84,14.89166667,14.995,14.85,372.65,369.5,10.80416667,11.33083333,55.07,57.755,499.4666667
10/05/2002,8:07,3.5,1,9,0,5.664,2.539,0.214,87.69,50,0.110166667,328.3333333,2.901666667,0.437333333,0.357333333,1,2.84,11.49666667,12.05166667,11.11666667,378.0666667,374.4166667,10.549,11.06833333,67.93,71.26833333,500.4666667
10/05/2002,8:13,15.5,1,9,1,4.968,3.087,0.234,87.70166667,50,0.120333333,335.8333333,2.476666667,0.504666667,0.378666667,1,2.84,11.64666667,12.05166667,11.44,376.1,372.8166667,10.5535,11.1525,67.285,71.1,500.4
10/05/2002,8:25,27.5,1,9,0,5.726,2.303,0.185,87.71666667,50,0.185,345.3333333,2.786666667,0.699166667,0.3485,1,2.84,11.22333333,11.31833333,11.16166667,376.8166667,373.1833333,10.38316667,11.212,68.12166667,73.55833333,500.3
10/05/2002,8:34,39.5,1,9,1,4.595,2.79,0.18,87.72,99,0.157,314.3333333,4.966666667,0.5665,0.329666667,1,2.84,11.02,11.095,10.99833333,375.6333333,369.4,10.58583333,11.258,70.39,74.85666667,500.4166667
10/05/2002,8:41,51.5,1,10,0,5.644,2.795,0.196,87.735,99,0.096066667,286.8333333,4.68,0.382833333,0.356666667,1,2.84,11.14666667,11.27333333,11.085,376.1666667,370.3666667,10.58266667,11.0365,69.79,72.78333333,500.55
10/05/2002,8:45,63.5,1,10,1,5.331,2.969,0.202,87.74,101,0.102333333,292.3333333,4.661666667,0.4235,0.371,1,2.84,11.19333333,11.28,11.19,375.4166667,369.65,10.475,10.97783333,68.87,72.17166667,500.4
10/05/2002,8:48,75.5,1,10,0,5.825,2.393,0.191,87.74166667,99,0.132666667,305.5,4.855,0.497666667,0.340833333,1,2.84,11.20166667,11.28,11.15833333,374.9166667,368.85,10.6935,11.28383333,70.27333333,74.14666667,500.4666667
10/05/2002,8:53,87.5,1,10,1,4.421,2.821,0.202,87.74,100,0.105166667,240.8833333,7.953333333,0.421666667,0.359833333,1,2.84,11.07666667,11.19166667,11.075,379.35,369.6166667,10.48783333,10.98783333,69.49333333,72.805,500.35
10/05/2002,8:58,99.5,1,10,0,6.077,2.686,0.187,87.74,99,0.129833333,311,4.386666667,0.482833333,0.337,1,2.84,11.02666667,11.12666667,11.04666667,374.8333333,369.3666667,10.646,11.21933333,70.775,74.57833333,500.3333333
10/05/2002,10:16,3.5,1,10,0,6.042,2.631,0.2,87.78833333,150,0.192,258.1666667,11.51666667,0.651,0.313666667,1,2.84,11.20333333,11.28,11.12666667,375.65,361.55,10.78866667,11.55983333,70.915,75.98666667,500.45
10/05/2002,10:22,15.5,1,10,1,4.777,2.84,0.21,87.78666667,101,0.168333333,294.3333333,6.911666667,0.611,0.333166667,1,2.84,11.38833333,11.44,11.36666667,374.25,365.6333333,10.85666667,11.581,70.49666667,75.195,500.4833333
10/05/2002,10:26,27.5,1,10,0,5.782,2.672,0.194,87.78166667,150,0.1445,229,11.15,0.542166667,0.341,1,2.84,11.38166667,11.40666667,11.37166667,373.7666667,360.1666667,10.85233333,11.49183333,70.455,74.63,500.3833333
10/05/2002,10:31,39.5,1,10,1,4.615,2.623,0.215,87.795,150,0.118166667,227.1666667,9.525,0.47,0.358666667,1,2.84,11.625,11.65833333,11.62333333,374.2166667,362.6166667,10.99383333,11.552,70.28833333,73.85,500.4333333
10/05/2002,11:07,51.5,1,9,0,5.483,2.663,0.198,87.80333333,100,0.262666667,296.6666667,9.245,1.515,0.545,1,2.84,14.14833333,14.37666667,13.99,373.2166667,361.4833333,10.28783333,12.05133333,55.63166667,65.35333333,500.4166667
10/05/2002,11:13,63.5,1,9,1,4.743,2.988,0.201,87.79833333,100,0.249166667,300.8333333,8.6,1.558333333,0.589,1,2.84,13.79,13.97,13.73333333,374.8333333,363.75,9.4005,11.2565,52.17666667,62.43333333,500.3
10/05/2002,11:20,75.5,1,9,0,6.022,2.657,0.2,87.795,100,0.209,283.5,9.348333333,1.218333333,0.542,1,2.84,13.36333333,13.53333333,13.35333333,374.3666667,362.5833333,9.9075,11.355,56.485,64.73,500.4166667
10/05/2002,11:27,87.5,1,9,1,5.259,2.874,0.212,87.78333333,99,0.171833333,267,8.063333333,1.083333333,0.579833333,1,2.84,12.82666667,12.93,12.71833333,359.4666667,349.45,8.922166667,10.21366667,52.69666667,60.31833333,499.4833333
10/05/2002,12:36,3.5,1,9,0,5.58,2.287,0.162,87.74,599,0.169,208.5,14.53333333,1.286666667,0.699666667,1,2.84,13.63666667,13.635,13.71,374.7,356.7,8.435833333,9.9695,47.24166667,55.83,499.4833333
10/05/2002,12:40,15.5,1,9,1,4.868,2.51,0.173,87.74166667,599,0.188333333,244.5,12.3,1.436666667,0.703,1,2.84,13.56,13.55166667,13.605,374.35,358.9666667,8.151833333,9.858,45.87166667,55.47,499.45
10/05/2002,12:44,27.5,1,9,0,5.125,2.737,0.193,87.74333333,600,0.2735,252.6666667,15.6,1.908333333,0.662,1,2.84,13.64166667,13.63166667,13.69833333,375.7333333,356.2166667,8.082333333,10.372,45.41833333,58.11166667,500.4
10/05/2002,12:48,39.5,1,9,1,4.809,2.55,0.164,87.735,599,0.197666667,263.8333333,11.18666667,1.496666667,0.701666667,1,2.84,13.385,13.38666667,13.47666667,378.4,364.3333333,7.899833333,9.6785,44.96,55.08333333,500.4666667
10/05/2002,12:55,51.5,1,10,0,5.674,2.728,0.2,87.73666667,601,0.147,198.3333333,13.71666667,1.135,0.702166667,1,2.84,13.43333333,13.37,13.46333333,375.1,358.1333333,8.308833333,9.655,47.14333333,54.78166667,500.45
10/05/2002,12:58,63.5,1,10,1,5.078,2.73,0.234,87.74166667,601,0.2945,237.6666667,18.71666667,2.105,0.682333333,1,2.84,13.895,13.86166667,13.88,376.25,352.9666667,7.869,10.358,43.335,57.07333333,500.4666667
10/05/2002,14:06,3.5,1,10,0,5.803,2.06,0.148,87.72,1500,0.3225,249.8333333,17.06666667,2.67,0.7955,1,2.84,16.21333333,16.27333333,16.23833333,368.7333333,347.1166667,8.879166667,12.05,42.11166667,57.15166667,499.25
10/05/2002,14:08,9.5,1,10,1,5.054,2.638,0.272,87.72666667,1500,0.431666667,254.1666667,20.35,3.441666667,0.792166667,1,2.84,16.54,16.615,16.47,369.7166667,343.8166667,8.315166667,12.40066667,38.625,57.60333333,499.2333333
10/05/2002,14:11,15.5,1,10,0,5.495,2.111,0.147,87.73833333,1499,0.356833333,244,19.45,3.18,0.864833333,1,2.84,17.19166667,17.27333333,17.07,370.2666667,345.4833333,8.650833333,12.407,38.50833333,55.3,500.35
10/05/2002,14:21,ac3,1,10,1,4.968,2.162,0.195,87.7452381,1501,0.346,241.690959,17.77683477,3.33540211,0.932047619,1,2.84,17.74809524,17.88333333,17.65761905,362.8904762,340.2761905,8.521904762,12.47228571,36.67761905,53.68333333,500.2761905
10/05/2002,14:34,ac4,1,10,1,4.863,2.208,0.2,87.74285714,1500,0.331,249.2848192,15.80682649,3.121561352,0.908238095,1,2.84,17.37238095,17.56428571,17.2752381,361.5095238,340.8714286,8.499619048,12.19680952,37.46666667,53.75809524,500.4047619
10/05/2002,15:20,3.5,1,9,0,5.187,2.117,0.159,87.76,300,0.3045,273.5,13.38333333,1.96,0.615666667,1,2.84,14.03666667,14.17,13.88666667,370.6833333,353.85,8.809333333,11.13,48.07833333,60.74333333,500.5166667
10/05/2002,15:25,15.5,1,9,1,4.689,2.595,0.186,87.77,300,0.311666667,294.3333333,10.5,1.941666667,0.598,1,2.84,13.74666667,13.84333333,13.615,370.4833333,357.0833333,8.714166667,11.016,48.47,61.27166667,500.4666667
10/05/2002,15:28,27.5,1,9,0,4.76,2.935,0.214,87.77166667,300,0.300666667,285.8333333,11.46666667,1.878333333,0.598,1,2.84,13.47666667,13.54333333,13.36333333,370.65,356.0333333,8.496166667,10.7265,48.08833333,60.69166667,500.5666667
10/05/2002,15:31,39.5,1,9,1,4.435,2.833,0.187,87.77333333,300,0.302333333,275.5,13.08333333,1.898333333,0.600833333,1,2.84,13.25,13.29833333,13.16666667,370.8833333,354.4333333,8.2155,10.47066667,47.18833333,60.10833333,500.5
10/05/2002,15:38,51.5,1,10,0,5.61,2.326,0.163,87.78,61,0.015316667,352.6666667,0.10365,0.132333333,0.7525,1,2.84,13.015,13.07333333,12.94,370.5666667,370.3833333,8.3135,8.473333333,48.52833333,49.44666667,500.5666667
10/05/2002,15:40,57.5,1,10,1,5.089,2.956,0.369,87.78,60,0.039383333,289.8333333,1.796666667,0.317,0.707666667,1,2.84,12.91833333,12.985,12.83333333,370.4,368.0166667,8.507166667,8.886833333,49.94333333,52.155,500.4666667
10/05/2002,15:43,69.5,1,10,0,6.088,2.018,0.141,87.77833333,59,0.045583333,273,2.51,0.373666667,0.7215,1,2.84,12.97833333,12.99833333,12.93166667,370.4,367.2333333,8.388833333,8.833166667,49.06166667,51.655,500.4333333
10/05/2002,15:48,81.5,0,10,1,5.108,2.18,0.161,87.775,60,0.05815,302.1666667,2.175,0.4675,0.7105,1,2.84,12.975,12.97333333,12.94666667,370.4666667,367.5833333,8.411333333,8.968166667,49.20333333,52.45,500.4166667
10/05/2002,15:50,87.5,1,10,1,5.464,2.417,0.222,87.77666667,59,0.037066667,286.8333333,1.746666667,0.299833333,0.709833333,1,2.84,12.84666667,12.87833333,12.74833333,370.75,368.5,8.401,8.757833333,49.55,51.655,499.4166667
10/05/2002,15:57,99.5,1,9,1,4.777,3.102,0.215,87.77,100,0.1185,306.3333333,3.986666667,0.863666667,0.6575,1,2.84,12.85333333,12.85166667,12.75,371.0666667,365.9166667,8.331333333,9.357333333,49.09666667,55.15333333,499.4666667
10/05/2002,16:01,111.5,1,9,0,4.758,3.298,0.237,87.77,101,0.083983333,280,4.191666667,0.6295,0.668333333,1,2.84,12.90166667,12.915,12.82666667,371.55,366.2,8.576166667,9.323833333,50.365,54.76666667,499.4
10/05/2002,16:06,123.5,1,9,1,4.958,2.269,0.17,87.78,99,0.187,326.1666667,4.016666667,1.203333333,0.594166667,1,2.84,12.725,12.77166667,12.635,371.4,366.05,8.517,9.950166667,50.635,59.15833333,499.5166667
10/05/2002,16:10,135.5,1,9,0,5.825,2.557,0.206,87.78833333,99,0.065983333,260.8333333,4.135,0.494833333,0.664833333,1,2.84,12.75833333,12.785,12.71166667,371.7166667,366.6333333,8.640666667,9.232,51.28333333,54.77833333,499.4166667
10/05/2002,16:18,147.5,1,9,0,4.891,3.002,0.213,87.8,101,0.071283333,281,3.57,0.520833333,0.649166667,1,2.84,12.60166667,12.60166667,12.52666667,371.2333333,366.7666667,8.587833333,9.2075,51.49666667,55.21333333,499.45
10/05/2002,16:23,159.5,1,9,1,4.765,2.895,0.243,87.80666667,100,0.091883333,309,3.066666667,0.638833333,0.622,1,2.84,12.53,12.56,12.46833333,371.4,367.4166667,8.6905,9.450333333,52.355,56.93333333,499.5
